Workbook

Sheet Daily
A1: ???? | B1: ?????????? | C1: ??????_??? | D1: ????_????????? | E1: ??????????_??? | F1: ???_????? | G1: ???_???? | H1: ??????_??? | I1: ?????_????? | J1: ?????_??? | K1: ???_????? | L1: ???_???? | M1: ????? | N1: ?????????????? | O1: ?????????? | P1: ??????? | Q1: ??? | R1: ?_???_????? | S1: ?????_?_??? | T1: ???????? | U1: ???? | V1: ????? | W1: ???? | X1: ???? | Y1: ????????_??? | Z1: ??_?????????
A2: 739648 | J2: =IF(A2="","",SUMIF(FoodLog!$A:$A,A2,FoodLog!$I:$I)) | K2: =IF(A2="","",SUMIF(FoodLog!$A:$A,A2,FoodLog!$F:$F)) | L2: =IF(A2="","",SUMIF(FoodLog!$A:$A,A2,FoodLog!$G:$G)) | M2: =IF(A2="","",SUMIF(FoodLog!$A:$A,A2,FoodLog!$H:$H)) | N2: =LET(train,B2,cardio,C2,steps,D2,sleep,E2,reg,F2,prod,I2,kcal,J2,p,K2,w_train,0.22,w_steps,0.18,w_sleep,0.20,w_reg,0.10,w_food,0.18,w_prod,0.12,s_train,IF(train="Верх",1,IF(train="Ноги",1,IF(train="Отдых",0.6,IF(train="Пропустил",0.2,0)))),s_steps,IF(steps="15k+",1,IF(steps="12-15k",0.9,IF(steps="10-12k",0.8,IF(steps="7-10k",0.6,IF(steps="5-7k",0.4,IF(steps="<5k",0.2,0)))))),s_sleep,IF(sleep=">8",0.9,IF(sleep="6-8",1,IF(sleep="<6",0.2,0))),s_reg,IF(reg="Не сбит",1,IF(reg="Сбит",0.3,0)),s_food,IF(AND(kcal>0,p>0),MIN(1, (p/120))*0.6 + MIN(1, MAX(0,1-ABS(kcal-2200)/600))*0.4,0),s_prod,IF(prod="100%",1,IF(prod="75%",0.8,IF(prod="50%",0.6,IF(prod="25%",0.35,IF(prod="0%",0.1,0)))),ROUND(100*(w_train*s_train + w_steps*s_steps + w_sleep*s_sleep + w_reg*s_reg + w_food*s_food + w_prod*s_prod),0)) | O2: =TEXTJOIN(", ",TRUE,IF(B2="","тренировка",""),IF(D2="","шаги",""),IF(E2="","сон",""),IF(F2="","режим",""),IF(G2="","настроение",""),IF(H2="","энергия",""),IF(I2="","продуктивность",""),IF(J2="","еда (ккал)","")) | U2: =IF($A2="","",IF(SUMIF(FoodLog!$A:$A,$A2,FoodLog!$I:$I)=0,"",SUMIF(FoodLog!$A:$A,$A2,FoodLog!$I:$I))) | V2: =IF($A2="","",IF(SUMIF(FoodLog!$A:$A,$A2,FoodLog!$F:$F)=0,"",SUMIF(FoodLog!$A:$A,$A2,FoodLog!$F:$F))) | W2: =IF($A2="","",IF(SUMIF(FoodLog!$A:$A,$A2,FoodLog!$G:$G)=0,"",SUMIF(FoodLog!$A:$A,$A2,FoodLog!$G:$G))) | X2: =IF($A2="","",IF(SUMIF(FoodLog!$A:$A,$A2,FoodLog!$H:$H)=0,"",SUMIF(FoodLog!$A:$A,$A2,FoodLog!$H:$H))) | Y2: =IF($A2="","",IFERROR(ROUND(100*AVERAGE(IF($B2="","",XLOOKUP($B2,FILTER(Dictionaries!$B:$B,Dictionaries!$A:$A="??????????"),FILTER(Dictionaries!$C:$C,Dictionaries!$A:$A="??????????"))),IF($C2="","",MIN($C2/40,1)),IF($D2="","",XLOOKUP($D2,FILTER(Dictionaries!$B:$B,Dictionaries!$A:$A="????"),FILTER(Dictionaries!$C:$C,Dictionaries!$A:$A="????"))),IF($E2="","",MIN($E2/120,1)),IF(OR($F2<>"",$G2<>""),1,""),IF($H2="","",MIN($H2/100,1)),IF($L2="","",XLOOKUP($L2,FILTER(Dictionaries!$B:$B,Dictionaries!$A:$A="???_????"),FILTER(Dictionaries!$C:$C,Dictionaries!$A:$A="???_????"))),IF($M2="","",XLOOKUP($M2,FILTER(Dictionaries!$B:$B,Dictionaries!$A:$A="?????"),FILTER(Dictionaries!$C:$C,Dictionaries!$A:$A="?????"))),IF($N2="","",MIN($N2/100,1)),IF($O2="","",XLOOKUP($O2,FILTER(Dictionaries!$B:$B,Dictionaries!$A:$A="??????????"),FILTER(Dictionaries!$C:$C,Dictionaries!$A:$A="??????????"))),IF($P2="","",XLOOKUP($P2,FILTER(Dictionaries!$B:$B,Dictionaries!$A:$A="???????"),FILTER(Dictionaries!$C:$C,Dictionaries!$A:$A="???????"))),IF($U2="","",LET(t,IF(OR($B2="????",$B2="????"),"train","rest"),k,$U2,p,$V2,f,$W2,c,$X2,k_s,IF(t="train",IF(k="","",IFS(AND(k>=1900,k<=2050),1,AND(k>=1850,k<1900),0.7,AND(k>2050,k<=2100),0.7,TRUE,0.2)),IF(k="","",IFS(AND(k>=1700,k<=1850),1,AND(k>=1650,k<1700),0.7,AND(k>1850,k<=1900),0.7,TRUE,0.2))),p_s,IF(t="train",IF(p="","",IFS(AND(p>=125,p<=135),1,AND(p>=115,p<125),0.7,AND(p>135,p<=145),0.7,AND(p>=105,p<115),0.4,AND(p>145,p<=155),0.4,TRUE,0.2)),IF(p="","",IFS(AND(p>=120,p<=130),1,AND(p>=110,p<120),0.7,AND(p>130,p<=140),0.7,AND(p>=100,p<110),0.4,AND(p>140,p<=150),0.4,TRUE,0.2))),f_s,IF(f="","",IFS(AND(f>=55,f<=65),1,AND(f>=50,f<55),0.7,AND(f>65,f<=70),0.7,AND(f>=45,f<50),0.4,AND(f>70,f<=75),0.4,TRUE,0.2)),c_s,IF(t="train",IF(c="","",IFS(AND(c>=180,c<=210),1,AND(c>=160,c<180),0.7,AND(c>210,c<=230),0.7,AND(c>=140,c<160),0.4,AND(c>230,c<=250),0.4,TRUE,0.2)),IF(c="","",IFS(AND(c>=140,c<=170),1,AND(c>=120,c<140),0.7,AND(c>170,c<=190),0.7,AND(c>=100,c<120),0.4,AND(c>190,c<=210),0.4,TRUE,0.2))),AVERAGE(k_s,p_s,f_s,c_s)))),1),"")) | Z2: =IF($A2="","",TEXTJOIN(", ",TRUE,IF($B2="","??????????",""),IF($C2="","??????",""),IF($D2="","????",""),IF($E2="","??????????",""),IF($F2="","???-?????",""),IF($G2="","???-????",""),IF($H2="","??????",""),IF($L2="","???",""),IF($M2="","?????",""),IF($N2="","??????????????",""),IF($O2="","??????????",""),IF($P2="","???????",""),IF($U2="","???","")))
A3: 739649 | J3: =IF(A3="","",SUMIF(FoodLog!$A:$A,A3,FoodLog!$I:$I)) | K3: =IF(A3="","",SUMIF(FoodLog!$A:$A,A3,FoodLog!$F:$F)) | L3: =IF(A3="","",SUMIF(FoodLog!$A:$A,A3,FoodLog!$G:$G)) | M3: =IF(A3="","",SUMIF(FoodLog!$A:$A,A3,FoodLog!$H:$H)) | N3: =LET(train,B3,cardio,C3,steps,D3,sleep,E3,reg,F3,prod,I3,kcal,J3,p,K3,w_train,0.22,w_steps,0.18,w_sleep,0.20,w_reg,0.10,w_food,0.18,w_prod,0.12,s_train,IF(train="Верх",1,IF(train="Ноги",1,IF(train="Отдых",0.6,IF(train="Пропустил",0.2,0)))),s_steps,IF(steps="15k+",1,IF(steps="12-15k",0.9,IF(steps="10-12k",0.8,IF(steps="7-10k",0.6,IF(steps="5-7k",0.4,IF(steps="<5k",0.2,0)))))),s_sleep,IF(sleep=">8",0.9,IF(sleep="6-8",1,IF(sleep="<6",0.2,0))),s_reg,IF(reg="Не сбит",1,IF(reg="Сбит",0.3,0)),s_food,IF(AND(kcal>0,p>0),MIN(1, (p/120))*0.6 + MIN(1, MAX(0,1-ABS(kcal-2200)/600))*0.4,0),s_prod,IF(prod="100%",1,IF(prod="75%",0.8,IF(prod="50%",0.6,IF(prod="25%",0.35,IF(prod="0%",0.1,0)))),ROUND(100*(w_train*s_train + w_steps*s_steps + w_sleep*s_sleep + w_reg*s_reg + w_food*s_food + w_prod*s_prod),0)) | O3: =TEXTJOIN(", ",TRUE,IF(B3="","тренировка",""),IF(D3="","шаги",""),IF(E3="","сон",""),IF(F3="","режим",""),IF(G3="","настроение",""),IF(H3="","энергия",""),IF(I3="","продуктивность",""),IF(J3="","еда (ккал)","")) | U3: =IF($A3="","",IF(SUMIF(FoodLog!$A:$A,$A3,FoodLog!$I:$I)=0,"",SUMIF(FoodLog!$A:$A,$A3,FoodLog!$I:$I))) | V3: =IF($A3="","",IF(SUMIF(FoodLog!$A:$A,$A3,FoodLog!$F:$F)=0,"",SUMIF(FoodLog!$A:$A,$A3,FoodLog!$F:$F))) | W3: =IF($A3="","",IF(SUMIF(FoodLog!$A:$A,$A3,FoodLog!$G:$G)=0,"",SUMIF(FoodLog!$A:$A,$A3,FoodLog!$G:$G))) | X3: =IF($A3="","",IF(SUMIF(FoodLog!$A:$A,$A3,FoodLog!$H:$H)=0,"",SUMIF(FoodLog!$A:$A,$A3,FoodLog!$H:$H))) | Y3: =IF($A3="","",IFERROR(ROUND(100*AVERAGE(IF($B3="","",XLOOKUP($B3,FILTER(Dictionaries!$B:$B,Dictionaries!$A:$A="??????????"),FILTER(Dictionaries!$C:$C,Dictionaries!$A:$A="??????????"))),IF($C3="","",MIN($C3/40,1)),IF($D3="","",XLOOKUP($D3,FILTER(Dictionaries!$B:$B,Dictionaries!$A:$A="????"),FILTER(Dictionaries!$C:$C,Dictionaries!$A:$A="????"))),IF($E3="","",MIN($E3/120,1)),IF(OR($F3<>"",$G3<>""),1,""),IF($H3="","",MIN($H3/100,1)),IF($L3="","",XLOOKUP($L3,FILTER(Dictionaries!$B:$B,Dictionaries!$A:$A="???_????"),FILTER(Dictionaries!$C:$C,Dictionaries!$A:$A="???_????"))),IF($M3="","",XLOOKUP($M3,FILTER(Dictionaries!$B:$B,Dictionaries!$A:$A="?????"),FILTER(Dictionaries!$C:$C,Dictionaries!$A:$A="?????"))),IF($N3="","",MIN($N3/100,1)),IF($O3="","",XLOOKUP($O3,FILTER(Dictionaries!$B:$B,Dictionaries!$A:$A="??????????"),FILTER(Dictionaries!$C:$C,Dictionaries!$A:$A="??????????"))),IF($P3="","",XLOOKUP($P3,FILTER(Dictionaries!$B:$B,Dictionaries!$A:$A="???????"),FILTER(Dictionaries!$C:$C,Dictionaries!$A:$A="???????"))),IF($U3="","",LET(t,IF(OR($B3="????",$B3="????"),"train","rest"),k,$U3,p,$V3,f,$W3,c,$X3,k_s,IF(t="train",IF(k="","",IFS(AND(k>=1900,k<=2050),1,AND(k>=1850,k<1900),0.7,AND(k>2050,k<=2100),0.7,TRUE,0.2)),IF(k="","",IFS(AND(k>=1700,k<=1850),1,AND(k>=1650,k<1700),0.7,AND(k>1850,k<=1900),0.7,TRUE,0.2))),p_s,IF(t="train",IF(p="","",IFS(AND(p>=125,p<=135),1,AND(p>=115,p<125),0.7,AND(p>135,p<=145),0.7,AND(p>=105,p<115),0.4,AND(p>145,p<=155),0.4,TRUE,0.2)),IF(p="","",IFS(AND(p>=120,p<=130),1,AND(p>=110,p<120),0.7,AND(p>130,p<=140),0.7,AND(p>=100,p<110),0.4,AND(p>140,p<=150),0.4,TRUE,0.2))),f_s,IF(f="","",IFS(AND(f>=55,f<=65),1,AND(f>=50,f<55),0.7,AND(f>65,f<=70),0.7,AND(f>=45,f<50),0.4,AND(f>70,f<=75),0.4,TRUE,0.2)),c_s,IF(t="train",IF(c="","",IFS(AND(c>=180,c<=210),1,AND(c>=160,c<180),0.7,AND(c>210,c<=230),0.7,AND(c>=140,c<160),0.4,AND(c>230,c<=250),0.4,TRUE,0.2)),IF(c="","",IFS(AND(c>=140,c<=170),1,AND(c>=120,c<140),0.7,AND(c>170,c<=190),0.7,AND(c>=100,c<120),0.4,AND(c>190,c<=210),0.4,TRUE,0.2))),AVERAGE(k_s,p_s,f_s,c_s)))),1),"")) | Z3: =IF($A3="","",TEXTJOIN(", ",TRUE,IF($B3="","??????????",""),IF($C3="","??????",""),IF($D3="","????",""),IF($E3="","??????????",""),IF($F3="","???-?????",""),IF($G3="","???-????",""),IF($H3="","??????",""),IF($L3="","???",""),IF($M3="","?????",""),IF($N3="","??????????????",""),IF($O3="","??????????",""),IF($P3="","???????",""),IF($U3="","???","")))
A4: 739650 | J4: =IF(A4="","",SUMIF(FoodLog!$A:$A,A4,FoodLog!$I:$I)) | K4: =IF(A4="","",SUMIF(FoodLog!$A:$A,A4,FoodLog!$F:$F)) | L4: =IF(A4="","",SUMIF(FoodLog!$A:$A,A4,FoodLog!$G:$G)) | M4: =IF(A4="","",SUMIF(FoodLog!$A:$A,A4,FoodLog!$H:$H)) | N4: =LET(train,B4,cardio,C4,steps,D4,sleep,E4,reg,F4,prod,I4,kcal,J4,p,K4,w_train,0.22,w_steps,0.18,w_sleep,0.20,w_reg,0.10,w_food,0.18,w_prod,0.12,s_train,IF(train="Верх",1,IF(train="Ноги",1,IF(train="Отдых",0.6,IF(train="Пропустил",0.2,0)))),s_steps,IF(steps="15k+",1,IF(steps="12-15k",0.9,IF(steps="10-12k",0.8,IF(steps="7-10k",0.6,IF(steps="5-7k",0.4,IF(steps="<5k",0.2,0)))))),s_sleep,IF(sleep=">8",0.9,IF(sleep="6-8",1,IF(sleep="<6",0.2,0))),s_reg,IF(reg="Не сбит",1,IF(reg="Сбит",0.3,0)),s_food,IF(AND(kcal>0,p>0),MIN(1, (p/120))*0.6 + MIN(1, MAX(0,1-ABS(kcal-2200)/600))*0.4,0),s_prod,IF(prod="100%",1,IF(prod="75%",0.8,IF(prod="50%",0.6,IF(prod="25%",0.35,IF(prod="0%",0.1,0)))),ROUND(100*(w_train*s_train + w_steps*s_steps + w_sleep*s_sleep + w_reg*s_reg + w_food*s_food + w_prod*s_prod),0)) | O4: =TEXTJOIN(", ",TRUE,IF(B4="","тренировка",""),IF(D4="","шаги",""),IF(E4="","сон",""),IF(F4="","режим",""),IF(G4="","настроение",""),IF(H4="","энергия",""),IF(I4="","продуктивность",""),IF(J4="","еда (ккал)","")) | U4: =IF($A4="","",IF(SUMIF(FoodLog!$A:$A,$A4,FoodLog!$I:$I)=0,"",SUMIF(FoodLog!$A:$A,$A4,FoodLog!$I:$I))) | V4: =IF($A4="","",IF(SUMIF(FoodLog!$A:$A,$A4,FoodLog!$F:$F)=0,"",SUMIF(FoodLog!$A:$A,$A4,FoodLog!$F:$F))) | W4: =IF($A4="","",IF(SUMIF(FoodLog!$A:$A,$A4,FoodLog!$G:$G)=0,"",SUMIF(FoodLog!$A:$A,$A4,FoodLog!$G:$G))) | X4: =IF($A4="","",IF(SUMIF(FoodLog!$A:$A,$A4,FoodLog!$H:$H)=0,"",SUMIF(FoodLog!$A:$A,$A4,FoodLog!$H:$H))) | Y4: =IF($A4="","",IFERROR(ROUND(100*AVERAGE(IF($B4="","",XLOOKUP($B4,FILTER(Dictionaries!$B:$B,Dictionaries!$A:$A="??????????"),FILTER(Dictionaries!$C:$C,Dictionaries!$A:$A="??????????"))),IF($C4="","",MIN($C4/40,1)),IF($D4="","",XLOOKUP($D4,FILTER(Dictionaries!$B:$B,Dictionaries!$A:$A="????"),FILTER(Dictionaries!$C:$C,Dictionaries!$A:$A="????"))),IF($E4="","",MIN($E4/120,1)),IF(OR($F4<>"",$G4<>""),1,""),IF($H4="","",MIN($H4/100,1)),IF($L4="","",XLOOKUP($L4,FILTER(Dictionaries!$B:$B,Dictionaries!$A:$A="???_????"),FILTER(Dictionaries!$C:$C,Dictionaries!$A:$A="???_????"))),IF($M4="","",XLOOKUP($M4,FILTER(Dictionaries!$B:$B,Dictionaries!$A:$A="?????"),FILTER(Dictionaries!$C:$C,Dictionaries!$A:$A="?????"))),IF($N4="","",MIN($N4/100,1)),IF($O4="","",XLOOKUP($O4,FILTER(Dictionaries!$B:$B,Dictionaries!$A:$A="??????????"),FILTER(Dictionaries!$C:$C,Dictionaries!$A:$A="??????????"))),IF($P4="","",XLOOKUP($P4,FILTER(Dictionaries!$B:$B,Dictionaries!$A:$A="???????"),FILTER(Dictionaries!$C:$C,Dictionaries!$A:$A="???????"))),IF($U4="","",LET(t,IF(OR($B4="????",$B4="????"),"train","rest"),k,$U4,p,$V4,f,$W4,c,$X4,k_s,IF(t="train",IF(k="","",IFS(AND(k>=1900,k<=2050),1,AND(k>=1850,k<1900),0.7,AND(k>2050,k<=2100),0.7,TRUE,0.2)),IF(k="","",IFS(AND(k>=1700,k<=1850),1,AND(k>=1650,k<1700),0.7,AND(k>1850,k<=1900),0.7,TRUE,0.2))),p_s,IF(t="train",IF(p="","",IFS(AND(p>=125,p<=135),1,AND(p>=115,p<125),0.7,AND(p>135,p<=145),0.7,AND(p>=105,p<115),0.4,AND(p>145,p<=155),0.4,TRUE,0.2)),IF(p="","",IFS(AND(p>=120,p<=130),1,AND(p>=110,p<120),0.7,AND(p>130,p<=140),0.7,AND(p>=100,p<110),0.4,AND(p>140,p<=150),0.4,TRUE,0.2))),f_s,IF(f="","",IFS(AND(f>=55,f<=65),1,AND(f>=50,f<55),0.7,AND(f>65,f<=70),0.7,AND(f>=45,f<50),0.4,AND(f>70,f<=75),0.4,TRUE,0.2)),c_s,IF(t="train",IF(c="","",IFS(AND(c>=180,c<=210),1,AND(c>=160,c<180),0.7,AND(c>210,c<=230),0.7,AND(c>=140,c<160),0.4,AND(c>230,c<=250),0.4,TRUE,0.2)),IF(c="","",IFS(AND(c>=140,c<=170),1,AND(c>=120,c<140),0.7,AND(c>170,c<=190),0.7,AND(c>=100,c<120),0.4,AND(c>190,c<=210),0.4,TRUE,0.2))),AVERAGE(k_s,p_s,f_s,c_s)))),1),"")) | Z4: =IF($A4="","",TEXTJOIN(", ",TRUE,IF($B4="","??????????",""),IF($C4="","??????",""),IF($D4="","????",""),IF($E4="","??????????",""),IF($F4="","???-?????",""),IF($G4="","???-????",""),IF($H4="","??????",""),IF($L4="","???",""),IF($M4="","?????",""),IF($N4="","??????????????",""),IF($O4="","??????????",""),IF($P4="","???????",""),IF($U4="","???","")))
A5: 739651 | J5: =IF(A5="","",SUMIF(FoodLog!$A:$A,A5,FoodLog!$I:$I)) | K5: =IF(A5="","",SUMIF(FoodLog!$A:$A,A5,FoodLog!$F:$F)) | L5: =IF(A5="","",SUMIF(FoodLog!$A:$A,A5,FoodLog!$G:$G)) | M5: =IF(A5="","",SUMIF(FoodLog!$A:$A,A5,FoodLog!$H:$H)) | N5: =LET(train,B5,cardio,C5,steps,D5,sleep,E5,reg,F5,prod,I5,kcal,J5,p,K5,w_train,0.22,w_steps,0.18,w_sleep,0.20,w_reg,0.10,w_food,0.18,w_prod,0.12,s_train,IF(train="Верх",1,IF(train="Ноги",1,IF(train="Отдых",0.6,IF(train="Пропустил",0.2,0)))),s_steps,IF(steps="15k+",1,IF(steps="12-15k",0.9,IF(steps="10-12k",0.8,IF(steps="7-10k",0.6,IF(steps="5-7k",0.4,IF(steps="<5k",0.2,0)))))),s_sleep,IF(sleep=">8",0.9,IF(sleep="6-8",1,IF(sleep="<6",0.2,0))),s_reg,IF(reg="Не сбит",1,IF(reg="Сбит",0.3,0)),s_food,IF(AND(kcal>0,p>0),MIN(1, (p/120))*0.6 + MIN(1, MAX(0,1-ABS(kcal-2200)/600))*0.4,0),s_prod,IF(prod="100%",1,IF(prod="75%",0.8,IF(prod="50%",0.6,IF(prod="25%",0.35,IF(prod="0%",0.1,0)))),ROUND(100*(w_train*s_train + w_steps*s_steps + w_sleep*s_sleep + w_reg*s_reg + w_food*s_food + w_prod*s_prod),0)) | O5: =TEXTJOIN(", ",TRUE,IF(B5="","тренировка",""),IF(D5="","шаги",""),IF(E5="","сон",""),IF(F5="","режим",""),IF(G5="","настроение",""),IF(H5="","энергия",""),IF(I5="","продуктивность",""),IF(J5="","еда (ккал)","")) | U5: =IF($A5="","",IF(SUMIF(FoodLog!$A:$A,$A5,FoodLog!$I:$I)=0,"",SUMIF(FoodLog!$A:$A,$A5,FoodLog!$I:$I))) | V5: =IF($A5="","",IF(SUMIF(FoodLog!$A:$A,$A5,FoodLog!$F:$F)=0,"",SUMIF(FoodLog!$A:$A,$A5,FoodLog!$F:$F))) | W5: =IF($A5="","",IF(SUMIF(FoodLog!$A:$A,$A5,FoodLog!$G:$G)=0,"",SUMIF(FoodLog!$A:$A,$A5,FoodLog!$G:$G))) | X5: =IF($A5="","",IF(SUMIF(FoodLog!$A:$A,$A5,FoodLog!$H:$H)=0,"",SUMIF(FoodLog!$A:$A,$A5,FoodLog!$H:$H))) | Y5: =IF($A5="","",IFERROR(ROUND(100*AVERAGE(IF($B5="","",XLOOKUP($B5,FILTER(Dictionaries!$B:$B,Dictionaries!$A:$A="??????????"),FILTER(Dictionaries!$C:$C,Dictionaries!$A:$A="??????????"))),IF($C5="","",MIN($C5/40,1)),IF($D5="","",XLOOKUP($D5,FILTER(Dictionaries!$B:$B,Dictionaries!$A:$A="????"),FILTER(Dictionaries!$C:$C,Dictionaries!$A:$A="????"))),IF($E5="","",MIN($E5/120,1)),IF(OR($F5<>"",$G5<>""),1,""),IF($H5="","",MIN($H5/100,1)),IF($L5="","",XLOOKUP($L5,FILTER(Dictionaries!$B:$B,Dictionaries!$A:$A="???_????"),FILTER(Dictionaries!$C:$C,Dictionaries!$A:$A="???_????"))),IF($M5="","",XLOOKUP($M5,FILTER(Dictionaries!$B:$B,Dictionaries!$A:$A="?????"),FILTER(Dictionaries!$C:$C,Dictionaries!$A:$A="?????"))),IF($N5="","",MIN($N5/100,1)),IF($O5="","",XLOOKUP($O5,FILTER(Dictionaries!$B:$B,Dictionaries!$A:$A="??????????"),FILTER(Dictionaries!$C:$C,Dictionaries!$A:$A="??????????"))),IF($P5="","",XLOOKUP($P5,FILTER(Dictionaries!$B:$B,Dictionaries!$A:$A="???????"),FILTER(Dictionaries!$C:$C,Dictionaries!$A:$A="???????"))),IF($U5="","",LET(t,IF(OR($B5="????",$B5="????"),"train","rest"),k,$U5,p,$V5,f,$W5,c,$X5,k_s,IF(t="train",IF(k="","",IFS(AND(k>=1900,k<=2050),1,AND(k>=1850,k<1900),0.7,AND(k>2050,k<=2100),0.7,TRUE,0.2)),IF(k="","",IFS(AND(k>=1700,k<=1850),1,AND(k>=1650,k<1700),0.7,AND(k>1850,k<=1900),0.7,TRUE,0.2))),p_s,IF(t="train",IF(p="","",IFS(AND(p>=125,p<=135),1,AND(p>=115,p<125),0.7,AND(p>135,p<=145),0.7,AND(p>=105,p<115),0.4,AND(p>145,p<=155),0.4,TRUE,0.2)),IF(p="","",IFS(AND(p>=120,p<=130),1,AND(p>=110,p<120),0.7,AND(p>130,p<=140),0.7,AND(p>=100,p<110),0.4,AND(p>140,p<=150),0.4,TRUE,0.2))),f_s,IF(f="","",IFS(AND(f>=55,f<=65),1,AND(f>=50,f<55),0.7,AND(f>65,f<=70),0.7,AND(f>=45,f<50),0.4,AND(f>70,f<=75),0.4,TRUE,0.2)),c_s,IF(t="train",IF(c="","",IFS(AND(c>=180,c<=210),1,AND(c>=160,c<180),0.7,AND(c>210,c<=230),0.7,AND(c>=140,c<160),0.4,AND(c>230,c<=250),0.4,TRUE,0.2)),IF(c="","",IFS(AND(c>=140,c<=170),1,AND(c>=120,c<140),0.7,AND(c>170,c<=190),0.7,AND(c>=100,c<120),0.4,AND(c>190,c<=210),0.4,TRUE,0.2))),AVERAGE(k_s,p_s,f_s,c_s)))),1),"")) | Z5: =IF($A5="","",TEXTJOIN(", ",TRUE,IF($B5="","??????????",""),IF($C5="","??????",""),IF($D5="","????",""),IF($E5="","??????????",""),IF($F5="","???-?????",""),IF($G5="","???-????",""),IF($H5="","??????",""),IF($L5="","???",""),IF($M5="","?????",""),IF($N5="","??????????????",""),IF($O5="","??????????",""),IF($P5="","???????",""),IF($U5="","???","")))
A6: 739652 | J6: =IF(A6="","",SUMIF(FoodLog!$A:$A,A6,FoodLog!$I:$I)) | K6: =IF(A6="","",SUMIF(FoodLog!$A:$A,A6,FoodLog!$F:$F)) | L6: =IF(A6="","",SUMIF(FoodLog!$A:$A,A6,FoodLog!$G:$G)) | M6: =IF(A6="","",SUMIF(FoodLog!$A:$A,A6,FoodLog!$H:$H)) | N6: =LET(train,B6,cardio,C6,steps,D6,sleep,E6,reg,F6,prod,I6,kcal,J6,p,K6,w_train,0.22,w_steps,0.18,w_sleep,0.20,w_reg,0.10,w_food,0.18,w_prod,0.12,s_train,IF(train="Верх",1,IF(train="Ноги",1,IF(train="Отдых",0.6,IF(train="Пропустил",0.2,0)))),s_steps,IF(steps="15k+",1,IF(steps="12-15k",0.9,IF(steps="10-12k",0.8,IF(steps="7-10k",0.6,IF(steps="5-7k",0.4,IF(steps="<5k",0.2,0)))))),s_sleep,IF(sleep=">8",0.9,IF(sleep="6-8",1,IF(sleep="<6",0.2,0))),s_reg,IF(reg="Не сбит",1,IF(reg="Сбит",0.3,0)),s_food,IF(AND(kcal>0,p>0),MIN(1, (p/120))*0.6 + MIN(1, MAX(0,1-ABS(kcal-2200)/600))*0.4,0),s_prod,IF(prod="100%",1,IF(prod="75%",0.8,IF(prod="50%",0.6,IF(prod="25%",0.35,IF(prod="0%",0.1,0)))),ROUND(100*(w_train*s_train + w_steps*s_steps + w_sleep*s_sleep + w_reg*s_reg + w_food*s_food + w_prod*s_prod),0)) | O6: =TEXTJOIN(", ",TRUE,IF(B6="","тренировка",""),IF(D6="","шаги",""),IF(E6="","сон",""),IF(F6="","режим",""),IF(G6="","настроение",""),IF(H6="","энергия",""),IF(I6="","продуктивность",""),IF(J6="","еда (ккал)","")) | U6: =IF($A6="","",IF(SUMIF(FoodLog!$A:$A,$A6,FoodLog!$I:$I)=0,"",SUMIF(FoodLog!$A:$A,$A6,FoodLog!$I:$I))) | V6: =IF($A6="","",IF(SUMIF(FoodLog!$A:$A,$A6,FoodLog!$F:$F)=0,"",SUMIF(FoodLog!$A:$A,$A6,FoodLog!$F:$F))) | W6: =IF($A6="","",IF(SUMIF(FoodLog!$A:$A,$A6,FoodLog!$G:$G)=0,"",SUMIF(FoodLog!$A:$A,$A6,FoodLog!$G:$G))) | X6: =IF($A6="","",IF(SUMIF(FoodLog!$A:$A,$A6,FoodLog!$H:$H)=0,"",SUMIF(FoodLog!$A:$A,$A6,FoodLog!$H:$H))) | Y6: =IF($A6="","",IFERROR(ROUND(100*AVERAGE(IF($B6="","",XLOOKUP($B6,FILTER(Dictionaries!$B:$B,Dictionaries!$A:$A="??????????"),FILTER(Dictionaries!$C:$C,Dictionaries!$A:$A="??????????"))),IF($C6="","",MIN($C6/40,1)),IF($D6="","",XLOOKUP($D6,FILTER(Dictionaries!$B:$B,Dictionaries!$A:$A="????"),FILTER(Dictionaries!$C:$C,Dictionaries!$A:$A="????"))),IF($E6="","",MIN($E6/120,1)),IF(OR($F6<>"",$G6<>""),1,""),IF($H6="","",MIN($H6/100,1)),IF($L6="","",XLOOKUP($L6,FILTER(Dictionaries!$B:$B,Dictionaries!$A:$A="???_????"),FILTER(Dictionaries!$C:$C,Dictionaries!$A:$A="???_????"))),IF($M6="","",XLOOKUP($M6,FILTER(Dictionaries!$B:$B,Dictionaries!$A:$A="?????"),FILTER(Dictionaries!$C:$C,Dictionaries!$A:$A="?????"))),IF($N6="","",MIN($N6/100,1)),IF($O6="","",XLOOKUP($O6,FILTER(Dictionaries!$B:$B,Dictionaries!$A:$A="??????????"),FILTER(Dictionaries!$C:$C,Dictionaries!$A:$A="??????????"))),IF($P6="","",XLOOKUP($P6,FILTER(Dictionaries!$B:$B,Dictionaries!$A:$A="???????"),FILTER(Dictionaries!$C:$C,Dictionaries!$A:$A="???????"))),IF($U6="","",LET(t,IF(OR($B6="????",$B6="????"),"train","rest"),k,$U6,p,$V6,f,$W6,c,$X6,k_s,IF(t="train",IF(k="","",IFS(AND(k>=1900,k<=2050),1,AND(k>=1850,k<1900),0.7,AND(k>2050,k<=2100),0.7,TRUE,0.2)),IF(k="","",IFS(AND(k>=1700,k<=1850),1,AND(k>=1650,k<1700),0.7,AND(k>1850,k<=1900),0.7,TRUE,0.2))),p_s,IF(t="train",IF(p="","",IFS(AND(p>=125,p<=135),1,AND(p>=115,p<125),0.7,AND(p>135,p<=145),0.7,AND(p>=105,p<115),0.4,AND(p>145,p<=155),0.4,TRUE,0.2)),IF(p="","",IFS(AND(p>=120,p<=130),1,AND(p>=110,p<120),0.7,AND(p>130,p<=140),0.7,AND(p>=100,p<110),0.4,AND(p>140,p<=150),0.4,TRUE,0.2))),f_s,IF(f="","",IFS(AND(f>=55,f<=65),1,AND(f>=50,f<55),0.7,AND(f>65,f<=70),0.7,AND(f>=45,f<50),0.4,AND(f>70,f<=75),0.4,TRUE,0.2)),c_s,IF(t="train",IF(c="","",IFS(AND(c>=180,c<=210),1,AND(c>=160,c<180),0.7,AND(c>210,c<=230),0.7,AND(c>=140,c<160),0.4,AND(c>230,c<=250),0.4,TRUE,0.2)),IF(c="","",IFS(AND(c>=140,c<=170),1,AND(c>=120,c<140),0.7,AND(c>170,c<=190),0.7,AND(c>=100,c<120),0.4,AND(c>190,c<=210),0.4,TRUE,0.2))),AVERAGE(k_s,p_s,f_s,c_s)))),1),"")) | Z6: =IF($A6="","",TEXTJOIN(", ",TRUE,IF($B6="","??????????",""),IF($C6="","??????",""),IF($D6="","????",""),IF($E6="","??????????",""),IF($F6="","???-?????",""),IF($G6="","???-????",""),IF($H6="","??????",""),IF($L6="","???",""),IF($M6="","?????",""),IF($N6="","??????????????",""),IF($O6="","??????????",""),IF($P6="","???????",""),IF($U6="","???","")))
A7: 739653 | J7: =IF(A7="","",SUMIF(FoodLog!$A:$A,A7,FoodLog!$I:$I)) | K7: =IF(A7="","",SUMIF(FoodLog!$A:$A,A7,FoodLog!$F:$F)) | L7: =IF(A7="","",SUMIF(FoodLog!$A:$A,A7,FoodLog!$G:$G)) | M7: =IF(A7="","",SUMIF(FoodLog!$A:$A,A7,FoodLog!$H:$H)) | N7: =LET(train,B7,cardio,C7,steps,D7,sleep,E7,reg,F7,prod,I7,kcal,J7,p,K7,w_train,0.22,w_steps,0.18,w_sleep,0.20,w_reg,0.10,w_food,0.18,w_prod,0.12,s_train,IF(train="Верх",1,IF(train="Ноги",1,IF(train="Отдых",0.6,IF(train="Пропустил",0.2,0)))),s_steps,IF(steps="15k+",1,IF(steps="12-15k",0.9,IF(steps="10-12k",0.8,IF(steps="7-10k",0.6,IF(steps="5-7k",0.4,IF(steps="<5k",0.2,0)))))),s_sleep,IF(sleep=">8",0.9,IF(sleep="6-8",1,IF(sleep="<6",0.2,0))),s_reg,IF(reg="Не сбит",1,IF(reg="Сбит",0.3,0)),s_food,IF(AND(kcal>0,p>0),MIN(1, (p/120))*0.6 + MIN(1, MAX(0,1-ABS(kcal-2200)/600))*0.4,0),s_prod,IF(prod="100%",1,IF(prod="75%",0.8,IF(prod="50%",0.6,IF(prod="25%",0.35,IF(prod="0%",0.1,0)))),ROUND(100*(w_train*s_train + w_steps*s_steps + w_sleep*s_sleep + w_reg*s_reg + w_food*s_food + w_prod*s_prod),0)) | O7: =TEXTJOIN(", ",TRUE,IF(B7="","тренировка",""),IF(D7="","шаги",""),IF(E7="","сон",""),IF(F7="","режим",""),IF(G7="","настроение",""),IF(H7="","энергия",""),IF(I7="","продуктивность",""),IF(J7="","еда (ккал)","")) | U7: =IF($A7="","",IF(SUMIF(FoodLog!$A:$A,$A7,FoodLog!$I:$I)=0,"",SUMIF(FoodLog!$A:$A,$A7,FoodLog!$I:$I))) | V7: =IF($A7="","",IF(SUMIF(FoodLog!$A:$A,$A7,FoodLog!$F:$F)=0,"",SUMIF(FoodLog!$A:$A,$A7,FoodLog!$F:$F))) | W7: =IF($A7="","",IF(SUMIF(FoodLog!$A:$A,$A7,FoodLog!$G:$G)=0,"",SUMIF(FoodLog!$A:$A,$A7,FoodLog!$G:$G))) | X7: =IF($A7="","",IF(SUMIF(FoodLog!$A:$A,$A7,FoodLog!$H:$H)=0,"",SUMIF(FoodLog!$A:$A,$A7,FoodLog!$H:$H))) | Y7: =IF($A7="","",IFERROR(ROUND(100*AVERAGE(IF($B7="","",XLOOKUP($B7,FILTER(Dictionaries!$B:$B,Dictionaries!$A:$A="??????????"),FILTER(Dictionaries!$C:$C,Dictionaries!$A:$A="??????????"))),IF($C7="","",MIN($C7/40,1)),IF($D7="","",XLOOKUP($D7,FILTER(Dictionaries!$B:$B,Dictionaries!$A:$A="????"),FILTER(Dictionaries!$C:$C,Dictionaries!$A:$A="????"))),IF($E7="","",MIN($E7/120,1)),IF(OR($F7<>"",$G7<>""),1,""),IF($H7="","",MIN($H7/100,1)),IF($L7="","",XLOOKUP($L7,FILTER(Dictionaries!$B:$B,Dictionaries!$A:$A="???_????"),FILTER(Dictionaries!$C:$C,Dictionaries!$A:$A="???_????"))),IF($M7="","",XLOOKUP($M7,FILTER(Dictionaries!$B:$B,Dictionaries!$A:$A="?????"),FILTER(Dictionaries!$C:$C,Dictionaries!$A:$A="?????"))),IF($N7="","",MIN($N7/100,1)),IF($O7="","",XLOOKUP($O7,FILTER(Dictionaries!$B:$B,Dictionaries!$A:$A="??????????"),FILTER(Dictionaries!$C:$C,Dictionaries!$A:$A="??????????"))),IF($P7="","",XLOOKUP($P7,FILTER(Dictionaries!$B:$B,Dictionaries!$A:$A="???????"),FILTER(Dictionaries!$C:$C,Dictionaries!$A:$A="???????"))),IF($U7="","",LET(t,IF(OR($B7="????",$B7="????"),"train","rest"),k,$U7,p,$V7,f,$W7,c,$X7,k_s,IF(t="train",IF(k="","",IFS(AND(k>=1900,k<=2050),1,AND(k>=1850,k<1900),0.7,AND(k>2050,k<=2100),0.7,TRUE,0.2)),IF(k="","",IFS(AND(k>=1700,k<=1850),1,AND(k>=1650,k<1700),0.7,AND(k>1850,k<=1900),0.7,TRUE,0.2))),p_s,IF(t="train",IF(p="","",IFS(AND(p>=125,p<=135),1,AND(p>=115,p<125),0.7,AND(p>135,p<=145),0.7,AND(p>=105,p<115),0.4,AND(p>145,p<=155),0.4,TRUE,0.2)),IF(p="","",IFS(AND(p>=120,p<=130),1,AND(p>=110,p<120),0.7,AND(p>130,p<=140),0.7,AND(p>=100,p<110),0.4,AND(p>140,p<=150),0.4,TRUE,0.2))),f_s,IF(f="","",IFS(AND(f>=55,f<=65),1,AND(f>=50,f<55),0.7,AND(f>65,f<=70),0.7,AND(f>=45,f<50),0.4,AND(f>70,f<=75),0.4,TRUE,0.2)),c_s,IF(t="train",IF(c="","",IFS(AND(c>=180,c<=210),1,AND(c>=160,c<180),0.7,AND(c>210,c<=230),0.7,AND(c>=140,c<160),0.4,AND(c>230,c<=250),0.4,TRUE,0.2)),IF(c="","",IFS(AND(c>=140,c<=170),1,AND(c>=120,c<140),0.7,AND(c>170,c<=190),0.7,AND(c>=100,c<120),0.4,AND(c>190,c<=210),0.4,TRUE,0.2))),AVERAGE(k_s,p_s,f_s,c_s)))),1),"")) | Z7: =IF($A7="","",TEXTJOIN(", ",TRUE,IF($B7="","??????????",""),IF($C7="","??????",""),IF($D7="","????",""),IF($E7="","??????????",""),IF($F7="","???-?????",""),IF($G7="","???-????",""),IF($H7="","??????",""),IF($L7="","???",""),IF($M7="","?????",""),IF($N7="","??????????????",""),IF($O7="","??????????",""),IF($P7="","???????",""),IF($U7="","???","")))
A8: 739654 | J8: =IF(A8="","",SUMIF(FoodLog!$A:$A,A8,FoodLog!$I:$I)) | K8: =IF(A8="","",SUMIF(FoodLog!$A:$A,A8,FoodLog!$F:$F)) | L8: =IF(A8="","",SUMIF(FoodLog!$A:$A,A8,FoodLog!$G:$G)) | M8: =IF(A8="","",SUMIF(FoodLog!$A:$A,A8,FoodLog!$H:$H)) | N8: =LET(train,B8,cardio,C8,steps,D8,sleep,E8,reg,F8,prod,I8,kcal,J8,p,K8,w_train,0.22,w_steps,0.18,w_sleep,0.20,w_reg,0.10,w_food,0.18,w_prod,0.12,s_train,IF(train="Верх",1,IF(train="Ноги",1,IF(train="Отдых",0.6,IF(train="Пропустил",0.2,0)))),s_steps,IF(steps="15k+",1,IF(steps="12-15k",0.9,IF(steps="10-12k",0.8,IF(steps="7-10k",0.6,IF(steps="5-7k",0.4,IF(steps="<5k",0.2,0)))))),s_sleep,IF(sleep=">8",0.9,IF(sleep="6-8",1,IF(sleep="<6",0.2,0))),s_reg,IF(reg="Не сбит",1,IF(reg="Сбит",0.3,0)),s_food,IF(AND(kcal>0,p>0),MIN(1, (p/120))*0.6 + MIN(1, MAX(0,1-ABS(kcal-2200)/600))*0.4,0),s_prod,IF(prod="100%",1,IF(prod="75%",0.8,IF(prod="50%",0.6,IF(prod="25%",0.35,IF(prod="0%",0.1,0)))),ROUND(100*(w_train*s_train + w_steps*s_steps + w_sleep*s_sleep + w_reg*s_reg + w_food*s_food + w_prod*s_prod),0)) | O8: =TEXTJOIN(", ",TRUE,IF(B8="","тренировка",""),IF(D8="","шаги",""),IF(E8="","сон",""),IF(F8="","режим",""),IF(G8="","настроение",""),IF(H8="","энергия",""),IF(I8="","продуктивность",""),IF(J8="","еда (ккал)","")) | U8: =IF($A8="","",IF(SUMIF(FoodLog!$A:$A,$A8,FoodLog!$I:$I)=0,"",SUMIF(FoodLog!$A:$A,$A8,FoodLog!$I:$I))) | V8: =IF($A8="","",IF(SUMIF(FoodLog!$A:$A,$A8,FoodLog!$F:$F)=0,"",SUMIF(FoodLog!$A:$A,$A8,FoodLog!$F:$F))) | W8: =IF($A8="","",IF(SUMIF(FoodLog!$A:$A,$A8,FoodLog!$G:$G)=0,"",SUMIF(FoodLog!$A:$A,$A8,FoodLog!$G:$G))) | X8: =IF($A8="","",IF(SUMIF(FoodLog!$A:$A,$A8,FoodLog!$H:$H)=0,"",SUMIF(FoodLog!$A:$A,$A8,FoodLog!$H:$H))) | Y8: =IF($A8="","",IFERROR(ROUND(100*AVERAGE(IF($B8="","",XLOOKUP($B8,FILTER(Dictionaries!$B:$B,Dictionaries!$A:$A="??????????"),FILTER(Dictionaries!$C:$C,Dictionaries!$A:$A="??????????"))),IF($C8="","",MIN($C8/40,1)),IF($D8="","",XLOOKUP($D8,FILTER(Dictionaries!$B:$B,Dictionaries!$A:$A="????"),FILTER(Dictionaries!$C:$C,Dictionaries!$A:$A="????"))),IF($E8="","",MIN($E8/120,1)),IF(OR($F8<>"",$G8<>""),1,""),IF($H8="","",MIN($H8/100,1)),IF($L8="","",XLOOKUP($L8,FILTER(Dictionaries!$B:$B,Dictionaries!$A:$A="???_????"),FILTER(Dictionaries!$C:$C,Dictionaries!$A:$A="???_????"))),IF($M8="","",XLOOKUP($M8,FILTER(Dictionaries!$B:$B,Dictionaries!$A:$A="?????"),FILTER(Dictionaries!$C:$C,Dictionaries!$A:$A="?????"))),IF($N8="","",MIN($N8/100,1)),IF($O8="","",XLOOKUP($O8,FILTER(Dictionaries!$B:$B,Dictionaries!$A:$A="??????????"),FILTER(Dictionaries!$C:$C,Dictionaries!$A:$A="??????????"))),IF($P8="","",XLOOKUP($P8,FILTER(Dictionaries!$B:$B,Dictionaries!$A:$A="???????"),FILTER(Dictionaries!$C:$C,Dictionaries!$A:$A="???????"))),IF($U8="","",LET(t,IF(OR($B8="????",$B8="????"),"train","rest"),k,$U8,p,$V8,f,$W8,c,$X8,k_s,IF(t="train",IF(k="","",IFS(AND(k>=1900,k<=2050),1,AND(k>=1850,k<1900),0.7,AND(k>2050,k<=2100),0.7,TRUE,0.2)),IF(k="","",IFS(AND(k>=1700,k<=1850),1,AND(k>=1650,k<1700),0.7,AND(k>1850,k<=1900),0.7,TRUE,0.2))),p_s,IF(t="train",IF(p="","",IFS(AND(p>=125,p<=135),1,AND(p>=115,p<125),0.7,AND(p>135,p<=145),0.7,AND(p>=105,p<115),0.4,AND(p>145,p<=155),0.4,TRUE,0.2)),IF(p="","",IFS(AND(p>=120,p<=130),1,AND(p>=110,p<120),0.7,AND(p>130,p<=140),0.7,AND(p>=100,p<110),0.4,AND(p>140,p<=150),0.4,TRUE,0.2))),f_s,IF(f="","",IFS(AND(f>=55,f<=65),1,AND(f>=50,f<55),0.7,AND(f>65,f<=70),0.7,AND(f>=45,f<50),0.4,AND(f>70,f<=75),0.4,TRUE,0.2)),c_s,IF(t="train",IF(c="","",IFS(AND(c>=180,c<=210),1,AND(c>=160,c<180),0.7,AND(c>210,c<=230),0.7,AND(c>=140,c<160),0.4,AND(c>230,c<=250),0.4,TRUE,0.2)),IF(c="","",IFS(AND(c>=140,c<=170),1,AND(c>=120,c<140),0.7,AND(c>170,c<=190),0.7,AND(c>=100,c<120),0.4,AND(c>190,c<=210),0.4,TRUE,0.2))),AVERAGE(k_s,p_s,f_s,c_s)))),1),"")) | Z8: =IF($A8="","",TEXTJOIN(", ",TRUE,IF($B8="","??????????",""),IF($C8="","??????",""),IF($D8="","????",""),IF($E8="","??????????",""),IF($F8="","???-?????",""),IF($G8="","???-????",""),IF($H8="","??????",""),IF($L8="","???",""),IF($M8="","?????",""),IF($N8="","??????????????",""),IF($O8="","??????????",""),IF($P8="","???????",""),IF($U8="","???","")))
A9: 739655 | J9: =IF(A9="","",SUMIF(FoodLog!$A:$A,A9,FoodLog!$I:$I)) | K9: =IF(A9="","",SUMIF(FoodLog!$A:$A,A9,FoodLog!$F:$F)) | L9: =IF(A9="","",SUMIF(FoodLog!$A:$A,A9,FoodLog!$G:$G)) | M9: =IF(A9="","",SUMIF(FoodLog!$A:$A,A9,FoodLog!$H:$H)) | N9: =LET(train,B9,cardio,C9,steps,D9,sleep,E9,reg,F9,prod,I9,kcal,J9,p,K9,w_train,0.22,w_steps,0.18,w_sleep,0.20,w_reg,0.10,w_food,0.18,w_prod,0.12,s_train,IF(train="Верх",1,IF(train="Ноги",1,IF(train="Отдых",0.6,IF(train="Пропустил",0.2,0)))),s_steps,IF(steps="15k+",1,IF(steps="12-15k",0.9,IF(steps="10-12k",0.8,IF(steps="7-10k",0.6,IF(steps="5-7k",0.4,IF(steps="<5k",0.2,0)))))),s_sleep,IF(sleep=">8",0.9,IF(sleep="6-8",1,IF(sleep="<6",0.2,0))),s_reg,IF(reg="Не сбит",1,IF(reg="Сбит",0.3,0)),s_food,IF(AND(kcal>0,p>0),MIN(1, (p/120))*0.6 + MIN(1, MAX(0,1-ABS(kcal-2200)/600))*0.4,0),s_prod,IF(prod="100%",1,IF(prod="75%",0.8,IF(prod="50%",0.6,IF(prod="25%",0.35,IF(prod="0%",0.1,0)))),ROUND(100*(w_train*s_train + w_steps*s_steps + w_sleep*s_sleep + w_reg*s_reg + w_food*s_food + w_prod*s_prod),0)) | O9: =TEXTJOIN(", ",TRUE,IF(B9="","тренировка",""),IF(D9="","шаги",""),IF(E9="","сон",""),IF(F9="","режим",""),IF(G9="","настроение",""),IF(H9="","энергия",""),IF(I9="","продуктивность",""),IF(J9="","еда (ккал)","")) | U9: =IF($A9="","",IF(SUMIF(FoodLog!$A:$A,$A9,FoodLog!$I:$I)=0,"",SUMIF(FoodLog!$A:$A,$A9,FoodLog!$I:$I))) | V9: =IF($A9="","",IF(SUMIF(FoodLog!$A:$A,$A9,FoodLog!$F:$F)=0,"",SUMIF(FoodLog!$A:$A,$A9,FoodLog!$F:$F))) | W9: =IF($A9="","",IF(SUMIF(FoodLog!$A:$A,$A9,FoodLog!$G:$G)=0,"",SUMIF(FoodLog!$A:$A,$A9,FoodLog!$G:$G))) | X9: =IF($A9="","",IF(SUMIF(FoodLog!$A:$A,$A9,FoodLog!$H:$H)=0,"",SUMIF(FoodLog!$A:$A,$A9,FoodLog!$H:$H))) | Y9: =IF($A9="","",IFERROR(ROUND(100*AVERAGE(IF($B9="","",XLOOKUP($B9,FILTER(Dictionaries!$B:$B,Dictionaries!$A:$A="??????????"),FILTER(Dictionaries!$C:$C,Dictionaries!$A:$A="??????????"))),IF($C9="","",MIN($C9/40,1)),IF($D9="","",XLOOKUP($D9,FILTER(Dictionaries!$B:$B,Dictionaries!$A:$A="????"),FILTER(Dictionaries!$C:$C,Dictionaries!$A:$A="????"))),IF($E9="","",MIN($E9/120,1)),IF(OR($F9<>"",$G9<>""),1,""),IF($H9="","",MIN($H9/100,1)),IF($L9="","",XLOOKUP($L9,FILTER(Dictionaries!$B:$B,Dictionaries!$A:$A="???_????"),FILTER(Dictionaries!$C:$C,Dictionaries!$A:$A="???_????"))),IF($M9="","",XLOOKUP($M9,FILTER(Dictionaries!$B:$B,Dictionaries!$A:$A="?????"),FILTER(Dictionaries!$C:$C,Dictionaries!$A:$A="?????"))),IF($N9="","",MIN($N9/100,1)),IF($O9="","",XLOOKUP($O9,FILTER(Dictionaries!$B:$B,Dictionaries!$A:$A="??????????"),FILTER(Dictionaries!$C:$C,Dictionaries!$A:$A="??????????"))),IF($P9="","",XLOOKUP($P9,FILTER(Dictionaries!$B:$B,Dictionaries!$A:$A="???????"),FILTER(Dictionaries!$C:$C,Dictionaries!$A:$A="???????"))),IF($U9="","",LET(t,IF(OR($B9="????",$B9="????"),"train","rest"),k,$U9,p,$V9,f,$W9,c,$X9,k_s,IF(t="train",IF(k="","",IFS(AND(k>=1900,k<=2050),1,AND(k>=1850,k<1900),0.7,AND(k>2050,k<=2100),0.7,TRUE,0.2)),IF(k="","",IFS(AND(k>=1700,k<=1850),1,AND(k>=1650,k<1700),0.7,AND(k>1850,k<=1900),0.7,TRUE,0.2))),p_s,IF(t="train",IF(p="","",IFS(AND(p>=125,p<=135),1,AND(p>=115,p<125),0.7,AND(p>135,p<=145),0.7,AND(p>=105,p<115),0.4,AND(p>145,p<=155),0.4,TRUE,0.2)),IF(p="","",IFS(AND(p>=120,p<=130),1,AND(p>=110,p<120),0.7,AND(p>130,p<=140),0.7,AND(p>=100,p<110),0.4,AND(p>140,p<=150),0.4,TRUE,0.2))),f_s,IF(f="","",IFS(AND(f>=55,f<=65),1,AND(f>=50,f<55),0.7,AND(f>65,f<=70),0.7,AND(f>=45,f<50),0.4,AND(f>70,f<=75),0.4,TRUE,0.2)),c_s,IF(t="train",IF(c="","",IFS(AND(c>=180,c<=210),1,AND(c>=160,c<180),0.7,AND(c>210,c<=230),0.7,AND(c>=140,c<160),0.4,AND(c>230,c<=250),0.4,TRUE,0.2)),IF(c="","",IFS(AND(c>=140,c<=170),1,AND(c>=120,c<140),0.7,AND(c>170,c<=190),0.7,AND(c>=100,c<120),0.4,AND(c>190,c<=210),0.4,TRUE,0.2))),AVERAGE(k_s,p_s,f_s,c_s)))),1),"")) | Z9: =IF($A9="","",TEXTJOIN(", ",TRUE,IF($B9="","??????????",""),IF($C9="","??????",""),IF($D9="","????",""),IF($E9="","??????????",""),IF($F9="","???-?????",""),IF($G9="","???-????",""),IF($H9="","??????",""),IF($L9="","???",""),IF($M9="","?????",""),IF($N9="","??????????????",""),IF($O9="","??????????",""),IF($P9="","???????",""),IF($U9="","???","")))
A10: 739656 | J10: =IF(A10="","",SUMIF(FoodLog!$A:$A,A10,FoodLog!$I:$I)) | K10: =IF(A10="","",SUMIF(FoodLog!$A:$A,A10,FoodLog!$F:$F)) | L10: =IF(A10="","",SUMIF(FoodLog!$A:$A,A10,FoodLog!$G:$G)) | M10: =IF(A10="","",SUMIF(FoodLog!$A:$A,A10,FoodLog!$H:$H)) | N10: =LET(train,B10,cardio,C10,steps,D10,sleep,E10,reg,F10,prod,I10,kcal,J10,p,K10,w_train,0.22,w_steps,0.18,w_sleep,0.20,w_reg,0.10,w_food,0.18,w_prod,0.12,s_train,IF(train="Верх",1,IF(train="Ноги",1,IF(train="Отдых",0.6,IF(train="Пропустил",0.2,0)))),s_steps,IF(steps="15k+",1,IF(steps="12-15k",0.9,IF(steps="10-12k",0.8,IF(steps="7-10k",0.6,IF(steps="5-7k",0.4,IF(steps="<5k",0.2,0)))))),s_sleep,IF(sleep=">8",0.9,IF(sleep="6-8",1,IF(sleep="<6",0.2,0))),s_reg,IF(reg="Не сбит",1,IF(reg="Сбит",0.3,0)),s_food,IF(AND(kcal>0,p>0),MIN(1, (p/120))*0.6 + MIN(1, MAX(0,1-ABS(kcal-2200)/600))*0.4,0),s_prod,IF(prod="100%",1,IF(prod="75%",0.8,IF(prod="50%",0.6,IF(prod="25%",0.35,IF(prod="0%",0.1,0)))),ROUND(100*(w_train*s_train + w_steps*s_steps + w_sleep*s_sleep + w_reg*s_reg + w_food*s_food + w_prod*s_prod),0)) | O10: =TEXTJOIN(", ",TRUE,IF(B10="","тренировка",""),IF(D10="","шаги",""),IF(E10="","сон",""),IF(F10="","режим",""),IF(G10="","настроение",""),IF(H10="","энергия",""),IF(I10="","продуктивность",""),IF(J10="","еда (ккал)","")) | U10: =IF($A10="","",IF(SUMIF(FoodLog!$A:$A,$A10,FoodLog!$I:$I)=0,"",SUMIF(FoodLog!$A:$A,$A10,FoodLog!$I:$I))) | V10: =IF($A10="","",IF(SUMIF(FoodLog!$A:$A,$A10,FoodLog!$F:$F)=0,"",SUMIF(FoodLog!$A:$A,$A10,FoodLog!$F:$F))) | W10: =IF($A10="","",IF(SUMIF(FoodLog!$A:$A,$A10,FoodLog!$G:$G)=0,"",SUMIF(FoodLog!$A:$A,$A10,FoodLog!$G:$G))) | X10: =IF($A10="","",IF(SUMIF(FoodLog!$A:$A,$A10,FoodLog!$H:$H)=0,"",SUMIF(FoodLog!$A:$A,$A10,FoodLog!$H:$H))) | Y10: =IF($A10="","",IFERROR(ROUND(100*AVERAGE(IF($B10="","",XLOOKUP($B10,FILTER(Dictionaries!$B:$B,Dictionaries!$A:$A="??????????"),FILTER(Dictionaries!$C:$C,Dictionaries!$A:$A="??????????"))),IF($C10="","",MIN($C10/40,1)),IF($D10="","",XLOOKUP($D10,FILTER(Dictionaries!$B:$B,Dictionaries!$A:$A="????"),FILTER(Dictionaries!$C:$C,Dictionaries!$A:$A="????"))),IF($E10="","",MIN($E10/120,1)),IF(OR($F10<>"",$G10<>""),1,""),IF($H10="","",MIN($H10/100,1)),IF($L10="","",XLOOKUP($L10,FILTER(Dictionaries!$B:$B,Dictionaries!$A:$A="???_????"),FILTER(Dictionaries!$C:$C,Dictionaries!$A:$A="???_????"))),IF($M10="","",XLOOKUP($M10,FILTER(Dictionaries!$B:$B,Dictionaries!$A:$A="?????"),FILTER(Dictionaries!$C:$C,Dictionaries!$A:$A="?????"))),IF($N10="","",MIN($N10/100,1)),IF($O10="","",XLOOKUP($O10,FILTER(Dictionaries!$B:$B,Dictionaries!$A:$A="??????????"),FILTER(Dictionaries!$C:$C,Dictionaries!$A:$A="??????????"))),IF($P10="","",XLOOKUP($P10,FILTER(Dictionaries!$B:$B,Dictionaries!$A:$A="???????"),FILTER(Dictionaries!$C:$C,Dictionaries!$A:$A="???????"))),IF($U10="","",LET(t,IF(OR($B10="????",$B10="????"),"train","rest"),k,$U10,p,$V10,f,$W10,c,$X10,k_s,IF(t="train",IF(k="","",IFS(AND(k>=1900,k<=2050),1,AND(k>=1850,k<1900),0.7,AND(k>2050,k<=2100),0.7,TRUE,0.2)),IF(k="","",IFS(AND(k>=1700,k<=1850),1,AND(k>=1650,k<1700),0.7,AND(k>1850,k<=1900),0.7,TRUE,0.2))),p_s,IF(t="train",IF(p="","",IFS(AND(p>=125,p<=135),1,AND(p>=115,p<125),0.7,AND(p>135,p<=145),0.7,AND(p>=105,p<115),0.4,AND(p>145,p<=155),0.4,TRUE,0.2)),IF(p="","",IFS(AND(p>=120,p<=130),1,AND(p>=110,p<120),0.7,AND(p>130,p<=140),0.7,AND(p>=100,p<110),0.4,AND(p>140,p<=150),0.4,TRUE,0.2))),f_s,IF(f="","",IFS(AND(f>=55,f<=65),1,AND(f>=50,f<55),0.7,AND(f>65,f<=70),0.7,AND(f>=45,f<50),0.4,AND(f>70,f<=75),0.4,TRUE,0.2)),c_s,IF(t="train",IF(c="","",IFS(AND(c>=180,c<=210),1,AND(c>=160,c<180),0.7,AND(c>210,c<=230),0.7,AND(c>=140,c<160),0.4,AND(c>230,c<=250),0.4,TRUE,0.2)),IF(c="","",IFS(AND(c>=140,c<=170),1,AND(c>=120,c<140),0.7,AND(c>170,c<=190),0.7,AND(c>=100,c<120),0.4,AND(c>190,c<=210),0.4,TRUE,0.2))),AVERAGE(k_s,p_s,f_s,c_s)))),1),"")) | Z10: =IF($A10="","",TEXTJOIN(", ",TRUE,IF($B10="","??????????",""),IF($C10="","??????",""),IF($D10="","????",""),IF($E10="","??????????",""),IF($F10="","???-?????",""),IF($G10="","???-????",""),IF($H10="","??????",""),IF($L10="","???",""),IF($M10="","?????",""),IF($N10="","??????????????",""),IF($O10="","??????????",""),IF($P10="","???????",""),IF($U10="","???","")))
A11: 739657 | J11: =IF(A11="","",SUMIF(FoodLog!$A:$A,A11,FoodLog!$I:$I)) | K11: =IF(A11="","",SUMIF(FoodLog!$A:$A,A11,FoodLog!$F:$F)) | L11: =IF(A11="","",SUMIF(FoodLog!$A:$A,A11,FoodLog!$G:$G)) | M11: =IF(A11="","",SUMIF(FoodLog!$A:$A,A11,FoodLog!$H:$H)) | N11: =LET(train,B11,cardio,C11,steps,D11,sleep,E11,reg,F11,prod,I11,kcal,J11,p,K11,w_train,0.22,w_steps,0.18,w_sleep,0.20,w_reg,0.10,w_food,0.18,w_prod,0.12,s_train,IF(train="Верх",1,IF(train="Ноги",1,IF(train="Отдых",0.6,IF(train="Пропустил",0.2,0)))),s_steps,IF(steps="15k+",1,IF(steps="12-15k",0.9,IF(steps="10-12k",0.8,IF(steps="7-10k",0.6,IF(steps="5-7k",0.4,IF(steps="<5k",0.2,0)))))),s_sleep,IF(sleep=">8",0.9,IF(sleep="6-8",1,IF(sleep="<6",0.2,0))),s_reg,IF(reg="Не сбит",1,IF(reg="Сбит",0.3,0)),s_food,IF(AND(kcal>0,p>0),MIN(1, (p/120))*0.6 + MIN(1, MAX(0,1-ABS(kcal-2200)/600))*0.4,0),s_prod,IF(prod="100%",1,IF(prod="75%",0.8,IF(prod="50%",0.6,IF(prod="25%",0.35,IF(prod="0%",0.1,0)))),ROUND(100*(w_train*s_train + w_steps*s_steps + w_sleep*s_sleep + w_reg*s_reg + w_food*s_food + w_prod*s_prod),0)) | O11: =TEXTJOIN(", ",TRUE,IF(B11="","тренировка",""),IF(D11="","шаги",""),IF(E11="","сон",""),IF(F11="","режим",""),IF(G11="","настроение",""),IF(H11="","энергия",""),IF(I11="","продуктивность",""),IF(J11="","еда (ккал)","")) | U11: =IF($A11="","",IF(SUMIF(FoodLog!$A:$A,$A11,FoodLog!$I:$I)=0,"",SUMIF(FoodLog!$A:$A,$A11,FoodLog!$I:$I))) | V11: =IF($A11="","",IF(SUMIF(FoodLog!$A:$A,$A11,FoodLog!$F:$F)=0,"",SUMIF(FoodLog!$A:$A,$A11,FoodLog!$F:$F))) | W11: =IF($A11="","",IF(SUMIF(FoodLog!$A:$A,$A11,FoodLog!$G:$G)=0,"",SUMIF(FoodLog!$A:$A,$A11,FoodLog!$G:$G))) | X11: =IF($A11="","",IF(SUMIF(FoodLog!$A:$A,$A11,FoodLog!$H:$H)=0,"",SUMIF(FoodLog!$A:$A,$A11,FoodLog!$H:$H))) | Y11: =IF($A11="","",IFERROR(ROUND(100*AVERAGE(IF($B11="","",XLOOKUP($B11,FILTER(Dictionaries!$B:$B,Dictionaries!$A:$A="??????????"),FILTER(Dictionaries!$C:$C,Dictionaries!$A:$A="??????????"))),IF($C11="","",MIN($C11/40,1)),IF($D11="","",XLOOKUP($D11,FILTER(Dictionaries!$B:$B,Dictionaries!$A:$A="????"),FILTER(Dictionaries!$C:$C,Dictionaries!$A:$A="????"))),IF($E11="","",MIN($E11/120,1)),IF(OR($F11<>"",$G11<>""),1,""),IF($H11="","",MIN($H11/100,1)),IF($L11="","",XLOOKUP($L11,FILTER(Dictionaries!$B:$B,Dictionaries!$A:$A="???_????"),FILTER(Dictionaries!$C:$C,Dictionaries!$A:$A="???_????"))),IF($M11="","",XLOOKUP($M11,FILTER(Dictionaries!$B:$B,Dictionaries!$A:$A="?????"),FILTER(Dictionaries!$C:$C,Dictionaries!$A:$A="?????"))),IF($N11="","",MIN($N11/100,1)),IF($O11="","",XLOOKUP($O11,FILTER(Dictionaries!$B:$B,Dictionaries!$A:$A="??????????"),FILTER(Dictionaries!$C:$C,Dictionaries!$A:$A="??????????"))),IF($P11="","",XLOOKUP($P11,FILTER(Dictionaries!$B:$B,Dictionaries!$A:$A="???????"),FILTER(Dictionaries!$C:$C,Dictionaries!$A:$A="???????"))),IF($U11="","",LET(t,IF(OR($B11="????",$B11="????"),"train","rest"),k,$U11,p,$V11,f,$W11,c,$X11,k_s,IF(t="train",IF(k="","",IFS(AND(k>=1900,k<=2050),1,AND(k>=1850,k<1900),0.7,AND(k>2050,k<=2100),0.7,TRUE,0.2)),IF(k="","",IFS(AND(k>=1700,k<=1850),1,AND(k>=1650,k<1700),0.7,AND(k>1850,k<=1900),0.7,TRUE,0.2))),p_s,IF(t="train",IF(p="","",IFS(AND(p>=125,p<=135),1,AND(p>=115,p<125),0.7,AND(p>135,p<=145),0.7,AND(p>=105,p<115),0.4,AND(p>145,p<=155),0.4,TRUE,0.2)),IF(p="","",IFS(AND(p>=120,p<=130),1,AND(p>=110,p<120),0.7,AND(p>130,p<=140),0.7,AND(p>=100,p<110),0.4,AND(p>140,p<=150),0.4,TRUE,0.2))),f_s,IF(f="","",IFS(AND(f>=55,f<=65),1,AND(f>=50,f<55),0.7,AND(f>65,f<=70),0.7,AND(f>=45,f<50),0.4,AND(f>70,f<=75),0.4,TRUE,0.2)),c_s,IF(t="train",IF(c="","",IFS(AND(c>=180,c<=210),1,AND(c>=160,c<180),0.7,AND(c>210,c<=230),0.7,AND(c>=140,c<160),0.4,AND(c>230,c<=250),0.4,TRUE,0.2)),IF(c="","",IFS(AND(c>=140,c<=170),1,AND(c>=120,c<140),0.7,AND(c>170,c<=190),0.7,AND(c>=100,c<120),0.4,AND(c>190,c<=210),0.4,TRUE,0.2))),AVERAGE(k_s,p_s,f_s,c_s)))),1),"")) | Z11: =IF($A11="","",TEXTJOIN(", ",TRUE,IF($B11="","??????????",""),IF($C11="","??????",""),IF($D11="","????",""),IF($E11="","??????????",""),IF($F11="","???-?????",""),IF($G11="","???-????",""),IF($H11="","??????",""),IF($L11="","???",""),IF($M11="","?????",""),IF($N11="","??????????????",""),IF($O11="","??????????",""),IF($P11="","???????",""),IF($U11="","???","")))
A12: 739658 | J12: =IF(A12="","",SUMIF(FoodLog!$A:$A,A12,FoodLog!$I:$I)) | K12: =IF(A12="","",SUMIF(FoodLog!$A:$A,A12,FoodLog!$F:$F)) | L12: =IF(A12="","",SUMIF(FoodLog!$A:$A,A12,FoodLog!$G:$G)) | M12: =IF(A12="","",SUMIF(FoodLog!$A:$A,A12,FoodLog!$H:$H)) | N12: =LET(train,B12,cardio,C12,steps,D12,sleep,E12,reg,F12,prod,I12,kcal,J12,p,K12,w_train,0.22,w_steps,0.18,w_sleep,0.20,w_reg,0.10,w_food,0.18,w_prod,0.12,s_train,IF(train="Верх",1,IF(train="Ноги",1,IF(train="Отдых",0.6,IF(train="Пропустил",0.2,0)))),s_steps,IF(steps="15k+",1,IF(steps="12-15k",0.9,IF(steps="10-12k",0.8,IF(steps="7-10k",0.6,IF(steps="5-7k",0.4,IF(steps="<5k",0.2,0)))))),s_sleep,IF(sleep=">8",0.9,IF(sleep="6-8",1,IF(sleep="<6",0.2,0))),s_reg,IF(reg="Не сбит",1,IF(reg="Сбит",0.3,0)),s_food,IF(AND(kcal>0,p>0),MIN(1, (p/120))*0.6 + MIN(1, MAX(0,1-ABS(kcal-2200)/600))*0.4,0),s_prod,IF(prod="100%",1,IF(prod="75%",0.8,IF(prod="50%",0.6,IF(prod="25%",0.35,IF(prod="0%",0.1,0)))),ROUND(100*(w_train*s_train + w_steps*s_steps + w_sleep*s_sleep + w_reg*s_reg + w_food*s_food + w_prod*s_prod),0)) | O12: =TEXTJOIN(", ",TRUE,IF(B12="","тренировка",""),IF(D12="","шаги",""),IF(E12="","сон",""),IF(F12="","режим",""),IF(G12="","настроение",""),IF(H12="","энергия",""),IF(I12="","продуктивность",""),IF(J12="","еда (ккал)","")) | U12: =IF($A12="","",IF(SUMIF(FoodLog!$A:$A,$A12,FoodLog!$I:$I)=0,"",SUMIF(FoodLog!$A:$A,$A12,FoodLog!$I:$I))) | V12: =IF($A12="","",IF(SUMIF(FoodLog!$A:$A,$A12,FoodLog!$F:$F)=0,"",SUMIF(FoodLog!$A:$A,$A12,FoodLog!$F:$F))) | W12: =IF($A12="","",IF(SUMIF(FoodLog!$A:$A,$A12,FoodLog!$G:$G)=0,"",SUMIF(FoodLog!$A:$A,$A12,FoodLog!$G:$G))) | X12: =IF($A12="","",IF(SUMIF(FoodLog!$A:$A,$A12,FoodLog!$H:$H)=0,"",SUMIF(FoodLog!$A:$A,$A12,FoodLog!$H:$H))) | Y12: =IF($A12="","",IFERROR(ROUND(100*AVERAGE(IF($B12="","",XLOOKUP($B12,FILTER(Dictionaries!$B:$B,Dictionaries!$A:$A="??????????"),FILTER(Dictionaries!$C:$C,Dictionaries!$A:$A="??????????"))),IF($C12="","",MIN($C12/40,1)),IF($D12="","",XLOOKUP($D12,FILTER(Dictionaries!$B:$B,Dictionaries!$A:$A="????"),FILTER(Dictionaries!$C:$C,Dictionaries!$A:$A="????"))),IF($E12="","",MIN($E12/120,1)),IF(OR($F12<>"",$G12<>""),1,""),IF($H12="","",MIN($H12/100,1)),IF($L12="","",XLOOKUP($L12,FILTER(Dictionaries!$B:$B,Dictionaries!$A:$A="???_????"),FILTER(Dictionaries!$C:$C,Dictionaries!$A:$A="???_????"))),IF($M12="","",XLOOKUP($M12,FILTER(Dictionaries!$B:$B,Dictionaries!$A:$A="?????"),FILTER(Dictionaries!$C:$C,Dictionaries!$A:$A="?????"))),IF($N12="","",MIN($N12/100,1)),IF($O12="","",XLOOKUP($O12,FILTER(Dictionaries!$B:$B,Dictionaries!$A:$A="??????????"),FILTER(Dictionaries!$C:$C,Dictionaries!$A:$A="??????????"))),IF($P12="","",XLOOKUP($P12,FILTER(Dictionaries!$B:$B,Dictionaries!$A:$A="???????"),FILTER(Dictionaries!$C:$C,Dictionaries!$A:$A="???????"))),IF($U12="","",LET(t,IF(OR($B12="????",$B12="????"),"train","rest"),k,$U12,p,$V12,f,$W12,c,$X12,k_s,IF(t="train",IF(k="","",IFS(AND(k>=1900,k<=2050),1,AND(k>=1850,k<1900),0.7,AND(k>2050,k<=2100),0.7,TRUE,0.2)),IF(k="","",IFS(AND(k>=1700,k<=1850),1,AND(k>=1650,k<1700),0.7,AND(k>1850,k<=1900),0.7,TRUE,0.2))),p_s,IF(t="train",IF(p="","",IFS(AND(p>=125,p<=135),1,AND(p>=115,p<125),0.7,AND(p>135,p<=145),0.7,AND(p>=105,p<115),0.4,AND(p>145,p<=155),0.4,TRUE,0.2)),IF(p="","",IFS(AND(p>=120,p<=130),1,AND(p>=110,p<120),0.7,AND(p>130,p<=140),0.7,AND(p>=100,p<110),0.4,AND(p>140,p<=150),0.4,TRUE,0.2))),f_s,IF(f="","",IFS(AND(f>=55,f<=65),1,AND(f>=50,f<55),0.7,AND(f>65,f<=70),0.7,AND(f>=45,f<50),0.4,AND(f>70,f<=75),0.4,TRUE,0.2)),c_s,IF(t="train",IF(c="","",IFS(AND(c>=180,c<=210),1,AND(c>=160,c<180),0.7,AND(c>210,c<=230),0.7,AND(c>=140,c<160),0.4,AND(c>230,c<=250),0.4,TRUE,0.2)),IF(c="","",IFS(AND(c>=140,c<=170),1,AND(c>=120,c<140),0.7,AND(c>170,c<=190),0.7,AND(c>=100,c<120),0.4,AND(c>190,c<=210),0.4,TRUE,0.2))),AVERAGE(k_s,p_s,f_s,c_s)))),1),"")) | Z12: =IF($A12="","",TEXTJOIN(", ",TRUE,IF($B12="","??????????",""),IF($C12="","??????",""),IF($D12="","????",""),IF($E12="","??????????",""),IF($F12="","???-?????",""),IF($G12="","???-????",""),IF($H12="","??????",""),IF($L12="","???",""),IF($M12="","?????",""),IF($N12="","??????????????",""),IF($O12="","??????????",""),IF($P12="","???????",""),IF($U12="","???","")))
A13: 739659 | J13: =IF(A13="","",SUMIF(FoodLog!$A:$A,A13,FoodLog!$I:$I)) | K13: =IF(A13="","",SUMIF(FoodLog!$A:$A,A13,FoodLog!$F:$F)) | L13: =IF(A13="","",SUMIF(FoodLog!$A:$A,A13,FoodLog!$G:$G)) | M13: =IF(A13="","",SUMIF(FoodLog!$A:$A,A13,FoodLog!$H:$H)) | N13: =LET(train,B13,cardio,C13,steps,D13,sleep,E13,reg,F13,prod,I13,kcal,J13,p,K13,w_train,0.22,w_steps,0.18,w_sleep,0.20,w_reg,0.10,w_food,0.18,w_prod,0.12,s_train,IF(train="Верх",1,IF(train="Ноги",1,IF(train="Отдых",0.6,IF(train="Пропустил",0.2,0)))),s_steps,IF(steps="15k+",1,IF(steps="12-15k",0.9,IF(steps="10-12k",0.8,IF(steps="7-10k",0.6,IF(steps="5-7k",0.4,IF(steps="<5k",0.2,0)))))),s_sleep,IF(sleep=">8",0.9,IF(sleep="6-8",1,IF(sleep="<6",0.2,0))),s_reg,IF(reg="Не сбит",1,IF(reg="Сбит",0.3,0)),s_food,IF(AND(kcal>0,p>0),MIN(1, (p/120))*0.6 + MIN(1, MAX(0,1-ABS(kcal-2200)/600))*0.4,0),s_prod,IF(prod="100%",1,IF(prod="75%",0.8,IF(prod="50%",0.6,IF(prod="25%",0.35,IF(prod="0%",0.1,0)))),ROUND(100*(w_train*s_train + w_steps*s_steps + w_sleep*s_sleep + w_reg*s_reg + w_food*s_food + w_prod*s_prod),0)) | O13: =TEXTJOIN(", ",TRUE,IF(B13="","тренировка",""),IF(D13="","шаги",""),IF(E13="","сон",""),IF(F13="","режим",""),IF(G13="","настроение",""),IF(H13="","энергия",""),IF(I13="","продуктивность",""),IF(J13="","еда (ккал)","")) | U13: =IF($A13="","",IF(SUMIF(FoodLog!$A:$A,$A13,FoodLog!$I:$I)=0,"",SUMIF(FoodLog!$A:$A,$A13,FoodLog!$I:$I))) | V13: =IF($A13="","",IF(SUMIF(FoodLog!$A:$A,$A13,FoodLog!$F:$F)=0,"",SUMIF(FoodLog!$A:$A,$A13,FoodLog!$F:$F))) | W13: =IF($A13="","",IF(SUMIF(FoodLog!$A:$A,$A13,FoodLog!$G:$G)=0,"",SUMIF(FoodLog!$A:$A,$A13,FoodLog!$G:$G))) | X13: =IF($A13="","",IF(SUMIF(FoodLog!$A:$A,$A13,FoodLog!$H:$H)=0,"",SUMIF(FoodLog!$A:$A,$A13,FoodLog!$H:$H))) | Y13: =IF($A13="","",IFERROR(ROUND(100*AVERAGE(IF($B13="","",XLOOKUP($B13,FILTER(Dictionaries!$B:$B,Dictionaries!$A:$A="??????????"),FILTER(Dictionaries!$C:$C,Dictionaries!$A:$A="??????????"))),IF($C13="","",MIN($C13/40,1)),IF($D13="","",XLOOKUP($D13,FILTER(Dictionaries!$B:$B,Dictionaries!$A:$A="????"),FILTER(Dictionaries!$C:$C,Dictionaries!$A:$A="????"))),IF($E13="","",MIN($E13/120,1)),IF(OR($F13<>"",$G13<>""),1,""),IF($H13="","",MIN($H13/100,1)),IF($L13="","",XLOOKUP($L13,FILTER(Dictionaries!$B:$B,Dictionaries!$A:$A="???_????"),FILTER(Dictionaries!$C:$C,Dictionaries!$A:$A="???_????"))),IF($M13="","",XLOOKUP($M13,FILTER(Dictionaries!$B:$B,Dictionaries!$A:$A="?????"),FILTER(Dictionaries!$C:$C,Dictionaries!$A:$A="?????"))),IF($N13="","",MIN($N13/100,1)),IF($O13="","",XLOOKUP($O13,FILTER(Dictionaries!$B:$B,Dictionaries!$A:$A="??????????"),FILTER(Dictionaries!$C:$C,Dictionaries!$A:$A="??????????"))),IF($P13="","",XLOOKUP($P13,FILTER(Dictionaries!$B:$B,Dictionaries!$A:$A="???????"),FILTER(Dictionaries!$C:$C,Dictionaries!$A:$A="???????"))),IF($U13="","",LET(t,IF(OR($B13="????",$B13="????"),"train","rest"),k,$U13,p,$V13,f,$W13,c,$X13,k_s,IF(t="train",IF(k="","",IFS(AND(k>=1900,k<=2050),1,AND(k>=1850,k<1900),0.7,AND(k>2050,k<=2100),0.7,TRUE,0.2)),IF(k="","",IFS(AND(k>=1700,k<=1850),1,AND(k>=1650,k<1700),0.7,AND(k>1850,k<=1900),0.7,TRUE,0.2))),p_s,IF(t="train",IF(p="","",IFS(AND(p>=125,p<=135),1,AND(p>=115,p<125),0.7,AND(p>135,p<=145),0.7,AND(p>=105,p<115),0.4,AND(p>145,p<=155),0.4,TRUE,0.2)),IF(p="","",IFS(AND(p>=120,p<=130),1,AND(p>=110,p<120),0.7,AND(p>130,p<=140),0.7,AND(p>=100,p<110),0.4,AND(p>140,p<=150),0.4,TRUE,0.2))),f_s,IF(f="","",IFS(AND(f>=55,f<=65),1,AND(f>=50,f<55),0.7,AND(f>65,f<=70),0.7,AND(f>=45,f<50),0.4,AND(f>70,f<=75),0.4,TRUE,0.2)),c_s,IF(t="train",IF(c="","",IFS(AND(c>=180,c<=210),1,AND(c>=160,c<180),0.7,AND(c>210,c<=230),0.7,AND(c>=140,c<160),0.4,AND(c>230,c<=250),0.4,TRUE,0.2)),IF(c="","",IFS(AND(c>=140,c<=170),1,AND(c>=120,c<140),0.7,AND(c>170,c<=190),0.7,AND(c>=100,c<120),0.4,AND(c>190,c<=210),0.4,TRUE,0.2))),AVERAGE(k_s,p_s,f_s,c_s)))),1),"")) | Z13: =IF($A13="","",TEXTJOIN(", ",TRUE,IF($B13="","??????????",""),IF($C13="","??????",""),IF($D13="","????",""),IF($E13="","??????????",""),IF($F13="","???-?????",""),IF($G13="","???-????",""),IF($H13="","??????",""),IF($L13="","???",""),IF($M13="","?????",""),IF($N13="","??????????????",""),IF($O13="","??????????",""),IF($P13="","???????",""),IF($U13="","???","")))
... A91: 739737 | J91: =IF(A91="","",SUMIF(FoodLog!$A:$A,A91,FoodLog!$I:$I)) | K91: =IF(A91="","",SUMIF(FoodLog!$A:$A,A91,FoodLog!$F:$F)) | L91: =IF(A91="","",SUMIF(FoodLog!$A:$A,A91,FoodLog!$G:$G)) | M91: =IF(A91="","",SUMIF(FoodLog!$A:$A,A91,FoodLog!$H:$H)) | N91: =LET(train,B91,cardio,C91,steps,D91,sleep,E91,reg,F91,prod,I91,kcal,J91,p,K91,w_train,0.22,w_steps,0.18,w_sleep,0.20,w_reg,0.10,w_food,0.18,w_prod,0.12,s_train,IF(train="Верх",1,IF(train="Ноги",1,IF(train="Отдых",0.6,IF(train="Пропустил",0.2,0)))),s_steps,IF(steps="15k+",1,IF(steps="12-15k",0.9,IF(steps="10-12k",0.8,IF(steps="7-10k",0.6,IF(steps="5-7k",0.4,IF(steps="<5k",0.2,0)))))),s_sleep,IF(sleep=">8",0.9,IF(sleep="6-8",1,IF(sleep="<6",0.2,0))),s_reg,IF(reg="Не сбит",1,IF(reg="Сбит",0.3,0)),s_food,IF(AND(kcal>0,p>0),MIN(1, (p/120))*0.6 + MIN(1, MAX(0,1-ABS(kcal-2200)/600))*0.4,0),s_prod,IF(prod="100%",1,IF(prod="75%",0.8,IF(prod="50%",0.6,IF(prod="25%",0.35,IF(prod="0%",0.1,0)))),ROUND(100*(w_train*s_train + w_steps*s_steps + w_sleep*s_sleep + w_reg*s_reg + w_food*s_food + w_prod*s_prod),0)) | O91: =TEXTJOIN(", ",TRUE,IF(B91="","тренировка",""),IF(D91="","шаги",""),IF(E91="","сон",""),IF(F91="","режим",""),IF(G91="","настроение",""),IF(H91="","энергия",""),IF(I91="","продуктивность",""),IF(J91="","еда (ккал)","")) | U91: =IF($A91="","",IF(SUMIF(FoodLog!$A:$A,$A91,FoodLog!$I:$I)=0,"",SUMIF(FoodLog!$A:$A,$A91,FoodLog!$I:$I))) | V91: =IF($A91="","",IF(SUMIF(FoodLog!$A:$A,$A91,FoodLog!$F:$F)=0,"",SUMIF(FoodLog!$A:$A,$A91,FoodLog!$F:$F))) | W91: =IF($A91="","",IF(SUMIF(FoodLog!$A:$A,$A91,FoodLog!$G:$G)=0,"",SUMIF(FoodLog!$A:$A,$A91,FoodLog!$G:$G))) | X91: =IF($A91="","",IF(SUMIF(FoodLog!$A:$A,$A91,FoodLog!$H:$H)=0,"",SUMIF(FoodLog!$A:$A,$A91,FoodLog!$H:$H))) | Y91: =IF($A91="","",IFERROR(ROUND(100*AVERAGE(IF($B91="","",XLOOKUP($B91,FILTER(Dictionaries!$B:$B,Dictionaries!$A:$A="??????????"),FILTER(Dictionaries!$C:$C,Dictionaries!$A:$A="??????????"))),IF($C91="","",MIN($C91/40,1)),IF($D91="","",XLOOKUP($D91,FILTER(Dictionaries!$B:$B,Dictionaries!$A:$A="????"),FILTER(Dictionaries!$C:$C,Dictionaries!$A:$A="????"))),IF($E91="","",MIN($E91/120,1)),IF(OR($F91<>"",$G91<>""),1,""),IF($H91="","",MIN($H91/100,1)),IF($L91="","",XLOOKUP($L91,FILTER(Dictionaries!$B:$B,Dictionaries!$A:$A="???_????"),FILTER(Dictionaries!$C:$C,Dictionaries!$A:$A="???_????"))),IF($M91="","",XLOOKUP($M91,FILTER(Dictionaries!$B:$B,Dictionaries!$A:$A="?????"),FILTER(Dictionaries!$C:$C,Dictionaries!$A:$A="?????"))),IF($N91="","",MIN($N91/100,1)),IF($O91="","",XLOOKUP($O91,FILTER(Dictionaries!$B:$B,Dictionaries!$A:$A="??????????"),FILTER(Dictionaries!$C:$C,Dictionaries!$A:$A="??????????"))),IF($P91="","",XLOOKUP($P91,FILTER(Dictionaries!$B:$B,Dictionaries!$A:$A="???????"),FILTER(Dictionaries!$C:$C,Dictionaries!$A:$A="???????"))),IF($U91="","",LET(t,IF(OR($B91="????",$B91="????"),"train","rest"),k,$U91,p,$V91,f,$W91,c,$X91,k_s,IF(t="train",IF(k="","",IFS(AND(k>=1900,k<=2050),1,AND(k>=1850,k<1900),0.7,AND(k>2050,k<=2100),0.7,TRUE,0.2)),IF(k="","",IFS(AND(k>=1700,k<=1850),1,AND(k>=1650,k<1700),0.7,AND(k>1850,k<=1900),0.7,TRUE,0.2))),p_s,IF(t="train",IF(p="","",IFS(AND(p>=125,p<=135),1,AND(p>=115,p<125),0.7,AND(p>135,p<=145),0.7,AND(p>=105,p<115),0.4,AND(p>145,p<=155),0.4,TRUE,0.2)),IF(p="","",IFS(AND(p>=120,p<=130),1,AND(p>=110,p<120),0.7,AND(p>130,p<=140),0.7,AND(p>=100,p<110),0.4,AND(p>140,p<=150),0.4,TRUE,0.2))),f_s,IF(f="","",IFS(AND(f>=55,f<=65),1,AND(f>=50,f<55),0.7,AND(f>65,f<=70),0.7,AND(f>=45,f<50),0.4,AND(f>70,f<=75),0.4,TRUE,0.2)),c_s,IF(t="train",IF(c="","",IFS(AND(c>=180,c<=210),1,AND(c>=160,c<180),0.7,AND(c>210,c<=230),0.7,AND(c>=140,c<160),0.4,AND(c>230,c<=250),0.4,TRUE,0.2)),IF(c="","",IFS(AND(c>=140,c<=170),1,AND(c>=120,c<140),0.7,AND(c>170,c<=190),0.7,AND(c>=100,c<120),0.4,AND(c>190,c<=210),0.4,TRUE,0.2))),AVERAGE(k_s,p_s,f_s,c_s)))),1),"")) | Z91: =IF($A91="","",TEXTJOIN(", ",TRUE,IF($B91="","??????????",""),IF($C91="","??????",""),IF($D91="","????",""),IF($E91="","??????????",""),IF($F91="","???-?????",""),IF($G91="","???-????",""),IF($H91="","??????",""),IF($L91="","???",""),IF($M91="","?????",""),IF($N91="","??????????????",""),IF($O91="","??????????",""),IF($P91="","???????",""),IF($U91="","???","")))
U92: =IF($A92="","",IF(SUMIF(FoodLog!$A:$A,$A92,FoodLog!$I:$I)=0,"",SUMIF(FoodLog!$A:$A,$A92,FoodLog!$I:$I))) | V92: =IF($A92="","",IF(SUMIF(FoodLog!$A:$A,$A92,FoodLog!$F:$F)=0,"",SUMIF(FoodLog!$A:$A,$A92,FoodLog!$F:$F))) | W92: =IF($A92="","",IF(SUMIF(FoodLog!$A:$A,$A92,FoodLog!$G:$G)=0,"",SUMIF(FoodLog!$A:$A,$A92,FoodLog!$G:$G))) | X92: =IF($A92="","",IF(SUMIF(FoodLog!$A:$A,$A92,FoodLog!$H:$H)=0,"",SUMIF(FoodLog!$A:$A,$A92,FoodLog!$H:$H))) | Y92: =IF($A92="","",IFERROR(ROUND(100*AVERAGE(IF($B92="","",XLOOKUP($B92,FILTER(Dictionaries!$B:$B,Dictionaries!$A:$A="??????????"),FILTER(Dictionaries!$C:$C,Dictionaries!$A:$A="??????????"))),IF($C92="","",MIN($C92/40,1)),IF($D92="","",XLOOKUP($D92,FILTER(Dictionaries!$B:$B,Dictionaries!$A:$A="????"),FILTER(Dictionaries!$C:$C,Dictionaries!$A:$A="????"))),IF($E92="","",MIN($E92/120,1)),IF(OR($F92<>"",$G92<>""),1,""),IF($H92="","",MIN($H92/100,1)),IF($L92="","",XLOOKUP($L92,FILTER(Dictionaries!$B:$B,Dictionaries!$A:$A="???_????"),FILTER(Dictionaries!$C:$C,Dictionaries!$A:$A="???_????"))),IF($M92="","",XLOOKUP($M92,FILTER(Dictionaries!$B:$B,Dictionaries!$A:$A="?????"),FILTER(Dictionaries!$C:$C,Dictionaries!$A:$A="?????"))),IF($N92="","",MIN($N92/100,1)),IF($O92="","",XLOOKUP($O92,FILTER(Dictionaries!$B:$B,Dictionaries!$A:$A="??????????"),FILTER(Dictionaries!$C:$C,Dictionaries!$A:$A="??????????"))),IF($P92="","",XLOOKUP($P92,FILTER(Dictionaries!$B:$B,Dictionaries!$A:$A="???????"),FILTER(Dictionaries!$C:$C,Dictionaries!$A:$A="???????"))),IF($U92="","",LET(t,IF(OR($B92="????",$B92="????"),"train","rest"),k,$U92,p,$V92,f,$W92,c,$X92,k_s,IF(t="train",IF(k="","",IFS(AND(k>=1900,k<=2050),1,AND(k>=1850,k<1900),0.7,AND(k>2050,k<=2100),0.7,TRUE,0.2)),IF(k="","",IFS(AND(k>=1700,k<=1850),1,AND(k>=1650,k<1700),0.7,AND(k>1850,k<=1900),0.7,TRUE,0.2))),p_s,IF(t="train",IF(p="","",IFS(AND(p>=125,p<=135),1,AND(p>=115,p<125),0.7,AND(p>135,p<=145),0.7,AND(p>=105,p<115),0.4,AND(p>145,p<=155),0.4,TRUE,0.2)),IF(p="","",IFS(AND(p>=120,p<=130),1,AND(p>=110,p<120),0.7,AND(p>130,p<=140),0.7,AND(p>=100,p<110),0.4,AND(p>140,p<=150),0.4,TRUE,0.2))),f_s,IF(f="","",IFS(AND(f>=55,f<=65),1,AND(f>=50,f<55),0.7,AND(f>65,f<=70),0.7,AND(f>=45,f<50),0.4,AND(f>70,f<=75),0.4,TRUE,0.2)),c_s,IF(t="train",IF(c="","",IFS(AND(c>=180,c<=210),1,AND(c>=160,c<180),0.7,AND(c>210,c<=230),0.7,AND(c>=140,c<160),0.4,AND(c>230,c<=250),0.4,TRUE,0.2)),IF(c="","",IFS(AND(c>=140,c<=170),1,AND(c>=120,c<140),0.7,AND(c>170,c<=190),0.7,AND(c>=100,c<120),0.4,AND(c>190,c<=210),0.4,TRUE,0.2))),AVERAGE(k_s,p_s,f_s,c_s)))),1),"")) | Z92: =IF($A92="","",TEXTJOIN(", ",TRUE,IF($B92="","??????????",""),IF($C92="","??????",""),IF($D92="","????",""),IF($E92="","??????????",""),IF($F92="","???-?????",""),IF($G92="","???-????",""),IF($H92="","??????",""),IF($L92="","???",""),IF($M92="","?????",""),IF($N92="","??????????????",""),IF($O92="","??????????",""),IF($P92="","???????",""),IF($U92="","???","")))
U93: =IF($A93="","",IF(SUMIF(FoodLog!$A:$A,$A93,FoodLog!$I:$I)=0,"",SUMIF(FoodLog!$A:$A,$A93,FoodLog!$I:$I))) | V93: =IF($A93="","",IF(SUMIF(FoodLog!$A:$A,$A93,FoodLog!$F:$F)=0,"",SUMIF(FoodLog!$A:$A,$A93,FoodLog!$F:$F))) | W93: =IF($A93="","",IF(SUMIF(FoodLog!$A:$A,$A93,FoodLog!$G:$G)=0,"",SUMIF(FoodLog!$A:$A,$A93,FoodLog!$G:$G))) | X93: =IF($A93="","",IF(SUMIF(FoodLog!$A:$A,$A93,FoodLog!$H:$H)=0,"",SUMIF(FoodLog!$A:$A,$A93,FoodLog!$H:$H))) | Y93: =IF($A93="","",IFERROR(ROUND(100*AVERAGE(IF($B93="","",XLOOKUP($B93,FILTER(Dictionaries!$B:$B,Dictionaries!$A:$A="??????????"),FILTER(Dictionaries!$C:$C,Dictionaries!$A:$A="??????????"))),IF($C93="","",MIN($C93/40,1)),IF($D93="","",XLOOKUP($D93,FILTER(Dictionaries!$B:$B,Dictionaries!$A:$A="????"),FILTER(Dictionaries!$C:$C,Dictionaries!$A:$A="????"))),IF($E93="","",MIN($E93/120,1)),IF(OR($F93<>"",$G93<>""),1,""),IF($H93="","",MIN($H93/100,1)),IF($L93="","",XLOOKUP($L93,FILTER(Dictionaries!$B:$B,Dictionaries!$A:$A="???_????"),FILTER(Dictionaries!$C:$C,Dictionaries!$A:$A="???_????"))),IF($M93="","",XLOOKUP($M93,FILTER(Dictionaries!$B:$B,Dictionaries!$A:$A="?????"),FILTER(Dictionaries!$C:$C,Dictionaries!$A:$A="?????"))),IF($N93="","",MIN($N93/100,1)),IF($O93="","",XLOOKUP($O93,FILTER(Dictionaries!$B:$B,Dictionaries!$A:$A="??????????"),FILTER(Dictionaries!$C:$C,Dictionaries!$A:$A="??????????"))),IF($P93="","",XLOOKUP($P93,FILTER(Dictionaries!$B:$B,Dictionaries!$A:$A="???????"),FILTER(Dictionaries!$C:$C,Dictionaries!$A:$A="???????"))),IF($U93="","",LET(t,IF(OR($B93="????",$B93="????"),"train","rest"),k,$U93,p,$V93,f,$W93,c,$X93,k_s,IF(t="train",IF(k="","",IFS(AND(k>=1900,k<=2050),1,AND(k>=1850,k<1900),0.7,AND(k>2050,k<=2100),0.7,TRUE,0.2)),IF(k="","",IFS(AND(k>=1700,k<=1850),1,AND(k>=1650,k<1700),0.7,AND(k>1850,k<=1900),0.7,TRUE,0.2))),p_s,IF(t="train",IF(p="","",IFS(AND(p>=125,p<=135),1,AND(p>=115,p<125),0.7,AND(p>135,p<=145),0.7,AND(p>=105,p<115),0.4,AND(p>145,p<=155),0.4,TRUE,0.2)),IF(p="","",IFS(AND(p>=120,p<=130),1,AND(p>=110,p<120),0.7,AND(p>130,p<=140),0.7,AND(p>=100,p<110),0.4,AND(p>140,p<=150),0.4,TRUE,0.2))),f_s,IF(f="","",IFS(AND(f>=55,f<=65),1,AND(f>=50,f<55),0.7,AND(f>65,f<=70),0.7,AND(f>=45,f<50),0.4,AND(f>70,f<=75),0.4,TRUE,0.2)),c_s,IF(t="train",IF(c="","",IFS(AND(c>=180,c<=210),1,AND(c>=160,c<180),0.7,AND(c>210,c<=230),0.7,AND(c>=140,c<160),0.4,AND(c>230,c<=250),0.4,TRUE,0.2)),IF(c="","",IFS(AND(c>=140,c<=170),1,AND(c>=120,c<140),0.7,AND(c>170,c<=190),0.7,AND(c>=100,c<120),0.4,AND(c>190,c<=210),0.4,TRUE,0.2))),AVERAGE(k_s,p_s,f_s,c_s)))),1),"")) | Z93: =IF($A93="","",TEXTJOIN(", ",TRUE,IF($B93="","??????????",""),IF($C93="","??????",""),IF($D93="","????",""),IF($E93="","??????????",""),IF($F93="","???-?????",""),IF($G93="","???-????",""),IF($H93="","??????",""),IF($L93="","???",""),IF($M93="","?????",""),IF($N93="","??????????????",""),IF($O93="","??????????",""),IF($P93="","???????",""),IF($U93="","???","")))
U94: =IF($A94="","",IF(SUMIF(FoodLog!$A:$A,$A94,FoodLog!$I:$I)=0,"",SUMIF(FoodLog!$A:$A,$A94,FoodLog!$I:$I))) | V94: =IF($A94="","",IF(SUMIF(FoodLog!$A:$A,$A94,FoodLog!$F:$F)=0,"",SUMIF(FoodLog!$A:$A,$A94,FoodLog!$F:$F))) | W94: =IF($A94="","",IF(SUMIF(FoodLog!$A:$A,$A94,FoodLog!$G:$G)=0,"",SUMIF(FoodLog!$A:$A,$A94,FoodLog!$G:$G))) | X94: =IF($A94="","",IF(SUMIF(FoodLog!$A:$A,$A94,FoodLog!$H:$H)=0,"",SUMIF(FoodLog!$A:$A,$A94,FoodLog!$H:$H))) | Y94: =IF($A94="","",IFERROR(ROUND(100*AVERAGE(IF($B94="","",XLOOKUP($B94,FILTER(Dictionaries!$B:$B,Dictionaries!$A:$A="??????????"),FILTER(Dictionaries!$C:$C,Dictionaries!$A:$A="??????????"))),IF($C94="","",MIN($C94/40,1)),IF($D94="","",XLOOKUP($D94,FILTER(Dictionaries!$B:$B,Dictionaries!$A:$A="????"),FILTER(Dictionaries!$C:$C,Dictionaries!$A:$A="????"))),IF($E94="","",MIN($E94/120,1)),IF(OR($F94<>"",$G94<>""),1,""),IF($H94="","",MIN($H94/100,1)),IF($L94="","",XLOOKUP($L94,FILTER(Dictionaries!$B:$B,Dictionaries!$A:$A="???_????"),FILTER(Dictionaries!$C:$C,Dictionaries!$A:$A="???_????"))),IF($M94="","",XLOOKUP($M94,FILTER(Dictionaries!$B:$B,Dictionaries!$A:$A="?????"),FILTER(Dictionaries!$C:$C,Dictionaries!$A:$A="?????"))),IF($N94="","",MIN($N94/100,1)),IF($O94="","",XLOOKUP($O94,FILTER(Dictionaries!$B:$B,Dictionaries!$A:$A="??????????"),FILTER(Dictionaries!$C:$C,Dictionaries!$A:$A="??????????"))),IF($P94="","",XLOOKUP($P94,FILTER(Dictionaries!$B:$B,Dictionaries!$A:$A="???????"),FILTER(Dictionaries!$C:$C,Dictionaries!$A:$A="???????"))),IF($U94="","",LET(t,IF(OR($B94="????",$B94="????"),"train","rest"),k,$U94,p,$V94,f,$W94,c,$X94,k_s,IF(t="train",IF(k="","",IFS(AND(k>=1900,k<=2050),1,AND(k>=1850,k<1900),0.7,AND(k>2050,k<=2100),0.7,TRUE,0.2)),IF(k="","",IFS(AND(k>=1700,k<=1850),1,AND(k>=1650,k<1700),0.7,AND(k>1850,k<=1900),0.7,TRUE,0.2))),p_s,IF(t="train",IF(p="","",IFS(AND(p>=125,p<=135),1,AND(p>=115,p<125),0.7,AND(p>135,p<=145),0.7,AND(p>=105,p<115),0.4,AND(p>145,p<=155),0.4,TRUE,0.2)),IF(p="","",IFS(AND(p>=120,p<=130),1,AND(p>=110,p<120),0.7,AND(p>130,p<=140),0.7,AND(p>=100,p<110),0.4,AND(p>140,p<=150),0.4,TRUE,0.2))),f_s,IF(f="","",IFS(AND(f>=55,f<=65),1,AND(f>=50,f<55),0.7,AND(f>65,f<=70),0.7,AND(f>=45,f<50),0.4,AND(f>70,f<=75),0.4,TRUE,0.2)),c_s,IF(t="train",IF(c="","",IFS(AND(c>=180,c<=210),1,AND(c>=160,c<180),0.7,AND(c>210,c<=230),0.7,AND(c>=140,c<160),0.4,AND(c>230,c<=250),0.4,TRUE,0.2)),IF(c="","",IFS(AND(c>=140,c<=170),1,AND(c>=120,c<140),0.7,AND(c>170,c<=190),0.7,AND(c>=100,c<120),0.4,AND(c>190,c<=210),0.4,TRUE,0.2))),AVERAGE(k_s,p_s,f_s,c_s)))),1),"")) | Z94: =IF($A94="","",TEXTJOIN(", ",TRUE,IF($B94="","??????????",""),IF($C94="","??????",""),IF($D94="","????",""),IF($E94="","??????????",""),IF($F94="","???-?????",""),IF($G94="","???-????",""),IF($H94="","??????",""),IF($L94="","???",""),IF($M94="","?????",""),IF($N94="","??????????????",""),IF($O94="","??????????",""),IF($P94="","???????",""),IF($U94="","???","")))
U95: =IF($A95="","",IF(SUMIF(FoodLog!$A:$A,$A95,FoodLog!$I:$I)=0,"",SUMIF(FoodLog!$A:$A,$A95,FoodLog!$I:$I))) | V95: =IF($A95="","",IF(SUMIF(FoodLog!$A:$A,$A95,FoodLog!$F:$F)=0,"",SUMIF(FoodLog!$A:$A,$A95,FoodLog!$F:$F))) | W95: =IF($A95="","",IF(SUMIF(FoodLog!$A:$A,$A95,FoodLog!$G:$G)=0,"",SUMIF(FoodLog!$A:$A,$A95,FoodLog!$G:$G))) | X95: =IF($A95="","",IF(SUMIF(FoodLog!$A:$A,$A95,FoodLog!$H:$H)=0,"",SUMIF(FoodLog!$A:$A,$A95,FoodLog!$H:$H))) | Y95: =IF($A95="","",IFERROR(ROUND(100*AVERAGE(IF($B95="","",XLOOKUP($B95,FILTER(Dictionaries!$B:$B,Dictionaries!$A:$A="??????????"),FILTER(Dictionaries!$C:$C,Dictionaries!$A:$A="??????????"))),IF($C95="","",MIN($C95/40,1)),IF($D95="","",XLOOKUP($D95,FILTER(Dictionaries!$B:$B,Dictionaries!$A:$A="????"),FILTER(Dictionaries!$C:$C,Dictionaries!$A:$A="????"))),IF($E95="","",MIN($E95/120,1)),IF(OR($F95<>"",$G95<>""),1,""),IF($H95="","",MIN($H95/100,1)),IF($L95="","",XLOOKUP($L95,FILTER(Dictionaries!$B:$B,Dictionaries!$A:$A="???_????"),FILTER(Dictionaries!$C:$C,Dictionaries!$A:$A="???_????"))),IF($M95="","",XLOOKUP($M95,FILTER(Dictionaries!$B:$B,Dictionaries!$A:$A="?????"),FILTER(Dictionaries!$C:$C,Dictionaries!$A:$A="?????"))),IF($N95="","",MIN($N95/100,1)),IF($O95="","",XLOOKUP($O95,FILTER(Dictionaries!$B:$B,Dictionaries!$A:$A="??????????"),FILTER(Dictionaries!$C:$C,Dictionaries!$A:$A="??????????"))),IF($P95="","",XLOOKUP($P95,FILTER(Dictionaries!$B:$B,Dictionaries!$A:$A="???????"),FILTER(Dictionaries!$C:$C,Dictionaries!$A:$A="???????"))),IF($U95="","",LET(t,IF(OR($B95="????",$B95="????"),"train","rest"),k,$U95,p,$V95,f,$W95,c,$X95,k_s,IF(t="train",IF(k="","",IFS(AND(k>=1900,k<=2050),1,AND(k>=1850,k<1900),0.7,AND(k>2050,k<=2100),0.7,TRUE,0.2)),IF(k="","",IFS(AND(k>=1700,k<=1850),1,AND(k>=1650,k<1700),0.7,AND(k>1850,k<=1900),0.7,TRUE,0.2))),p_s,IF(t="train",IF(p="","",IFS(AND(p>=125,p<=135),1,AND(p>=115,p<125),0.7,AND(p>135,p<=145),0.7,AND(p>=105,p<115),0.4,AND(p>145,p<=155),0.4,TRUE,0.2)),IF(p="","",IFS(AND(p>=120,p<=130),1,AND(p>=110,p<120),0.7,AND(p>130,p<=140),0.7,AND(p>=100,p<110),0.4,AND(p>140,p<=150),0.4,TRUE,0.2))),f_s,IF(f="","",IFS(AND(f>=55,f<=65),1,AND(f>=50,f<55),0.7,AND(f>65,f<=70),0.7,AND(f>=45,f<50),0.4,AND(f>70,f<=75),0.4,TRUE,0.2)),c_s,IF(t="train",IF(c="","",IFS(AND(c>=180,c<=210),1,AND(c>=160,c<180),0.7,AND(c>210,c<=230),0.7,AND(c>=140,c<160),0.4,AND(c>230,c<=250),0.4,TRUE,0.2)),IF(c="","",IFS(AND(c>=140,c<=170),1,AND(c>=120,c<140),0.7,AND(c>170,c<=190),0.7,AND(c>=100,c<120),0.4,AND(c>190,c<=210),0.4,TRUE,0.2))),AVERAGE(k_s,p_s,f_s,c_s)))),1),"")) | Z95: =IF($A95="","",TEXTJOIN(", ",TRUE,IF($B95="","??????????",""),IF($C95="","??????",""),IF($D95="","????",""),IF($E95="","??????????",""),IF($F95="","???-?????",""),IF($G95="","???-????",""),IF($H95="","??????",""),IF($L95="","???",""),IF($M95="","?????",""),IF($N95="","??????????????",""),IF($O95="","??????????",""),IF($P95="","???????",""),IF($U95="","???","")))
U96: =IF($A96="","",IF(SUMIF(FoodLog!$A:$A,$A96,FoodLog!$I:$I)=0,"",SUMIF(FoodLog!$A:$A,$A96,FoodLog!$I:$I))) | V96: =IF($A96="","",IF(SUMIF(FoodLog!$A:$A,$A96,FoodLog!$F:$F)=0,"",SUMIF(FoodLog!$A:$A,$A96,FoodLog!$F:$F))) | W96: =IF($A96="","",IF(SUMIF(FoodLog!$A:$A,$A96,FoodLog!$G:$G)=0,"",SUMIF(FoodLog!$A:$A,$A96,FoodLog!$G:$G))) | X96: =IF($A96="","",IF(SUMIF(FoodLog!$A:$A,$A96,FoodLog!$H:$H)=0,"",SUMIF(FoodLog!$A:$A,$A96,FoodLog!$H:$H))) | Y96: =IF($A96="","",IFERROR(ROUND(100*AVERAGE(IF($B96="","",XLOOKUP($B96,FILTER(Dictionaries!$B:$B,Dictionaries!$A:$A="??????????"),FILTER(Dictionaries!$C:$C,Dictionaries!$A:$A="??????????"))),IF($C96="","",MIN($C96/40,1)),IF($D96="","",XLOOKUP($D96,FILTER(Dictionaries!$B:$B,Dictionaries!$A:$A="????"),FILTER(Dictionaries!$C:$C,Dictionaries!$A:$A="????"))),IF($E96="","",MIN($E96/120,1)),IF(OR($F96<>"",$G96<>""),1,""),IF($H96="","",MIN($H96/100,1)),IF($L96="","",XLOOKUP($L96,FILTER(Dictionaries!$B:$B,Dictionaries!$A:$A="???_????"),FILTER(Dictionaries!$C:$C,Dictionaries!$A:$A="???_????"))),IF($M96="","",XLOOKUP($M96,FILTER(Dictionaries!$B:$B,Dictionaries!$A:$A="?????"),FILTER(Dictionaries!$C:$C,Dictionaries!$A:$A="?????"))),IF($N96="","",MIN($N96/100,1)),IF($O96="","",XLOOKUP($O96,FILTER(Dictionaries!$B:$B,Dictionaries!$A:$A="??????????"),FILTER(Dictionaries!$C:$C,Dictionaries!$A:$A="??????????"))),IF($P96="","",XLOOKUP($P96,FILTER(Dictionaries!$B:$B,Dictionaries!$A:$A="???????"),FILTER(Dictionaries!$C:$C,Dictionaries!$A:$A="???????"))),IF($U96="","",LET(t,IF(OR($B96="????",$B96="????"),"train","rest"),k,$U96,p,$V96,f,$W96,c,$X96,k_s,IF(t="train",IF(k="","",IFS(AND(k>=1900,k<=2050),1,AND(k>=1850,k<1900),0.7,AND(k>2050,k<=2100),0.7,TRUE,0.2)),IF(k="","",IFS(AND(k>=1700,k<=1850),1,AND(k>=1650,k<1700),0.7,AND(k>1850,k<=1900),0.7,TRUE,0.2))),p_s,IF(t="train",IF(p="","",IFS(AND(p>=125,p<=135),1,AND(p>=115,p<125),0.7,AND(p>135,p<=145),0.7,AND(p>=105,p<115),0.4,AND(p>145,p<=155),0.4,TRUE,0.2)),IF(p="","",IFS(AND(p>=120,p<=130),1,AND(p>=110,p<120),0.7,AND(p>130,p<=140),0.7,AND(p>=100,p<110),0.4,AND(p>140,p<=150),0.4,TRUE,0.2))),f_s,IF(f="","",IFS(AND(f>=55,f<=65),1,AND(f>=50,f<55),0.7,AND(f>65,f<=70),0.7,AND(f>=45,f<50),0.4,AND(f>70,f<=75),0.4,TRUE,0.2)),c_s,IF(t="train",IF(c="","",IFS(AND(c>=180,c<=210),1,AND(c>=160,c<180),0.7,AND(c>210,c<=230),0.7,AND(c>=140,c<160),0.4,AND(c>230,c<=250),0.4,TRUE,0.2)),IF(c="","",IFS(AND(c>=140,c<=170),1,AND(c>=120,c<140),0.7,AND(c>170,c<=190),0.7,AND(c>=100,c<120),0.4,AND(c>190,c<=210),0.4,TRUE,0.2))),AVERAGE(k_s,p_s,f_s,c_s)))),1),"")) | Z96: =IF($A96="","",TEXTJOIN(", ",TRUE,IF($B96="","??????????",""),IF($C96="","??????",""),IF($D96="","????",""),IF($E96="","??????????",""),IF($F96="","???-?????",""),IF($G96="","???-????",""),IF($H96="","??????",""),IF($L96="","???",""),IF($M96="","?????",""),IF($N96="","??????????????",""),IF($O96="","??????????",""),IF($P96="","???????",""),IF($U96="","???","")))
U97: =IF($A97="","",IF(SUMIF(FoodLog!$A:$A,$A97,FoodLog!$I:$I)=0,"",SUMIF(FoodLog!$A:$A,$A97,FoodLog!$I:$I))) | V97: =IF($A97="","",IF(SUMIF(FoodLog!$A:$A,$A97,FoodLog!$F:$F)=0,"",SUMIF(FoodLog!$A:$A,$A97,FoodLog!$F:$F))) | W97: =IF($A97="","",IF(SUMIF(FoodLog!$A:$A,$A97,FoodLog!$G:$G)=0,"",SUMIF(FoodLog!$A:$A,$A97,FoodLog!$G:$G))) | X97: =IF($A97="","",IF(SUMIF(FoodLog!$A:$A,$A97,FoodLog!$H:$H)=0,"",SUMIF(FoodLog!$A:$A,$A97,FoodLog!$H:$H))) | Y97: =IF($A97="","",IFERROR(ROUND(100*AVERAGE(IF($B97="","",XLOOKUP($B97,FILTER(Dictionaries!$B:$B,Dictionaries!$A:$A="??????????"),FILTER(Dictionaries!$C:$C,Dictionaries!$A:$A="??????????"))),IF($C97="","",MIN($C97/40,1)),IF($D97="","",XLOOKUP($D97,FILTER(Dictionaries!$B:$B,Dictionaries!$A:$A="????"),FILTER(Dictionaries!$C:$C,Dictionaries!$A:$A="????"))),IF($E97="","",MIN($E97/120,1)),IF(OR($F97<>"",$G97<>""),1,""),IF($H97="","",MIN($H97/100,1)),IF($L97="","",XLOOKUP($L97,FILTER(Dictionaries!$B:$B,Dictionaries!$A:$A="???_????"),FILTER(Dictionaries!$C:$C,Dictionaries!$A:$A="???_????"))),IF($M97="","",XLOOKUP($M97,FILTER(Dictionaries!$B:$B,Dictionaries!$A:$A="?????"),FILTER(Dictionaries!$C:$C,Dictionaries!$A:$A="?????"))),IF($N97="","",MIN($N97/100,1)),IF($O97="","",XLOOKUP($O97,FILTER(Dictionaries!$B:$B,Dictionaries!$A:$A="??????????"),FILTER(Dictionaries!$C:$C,Dictionaries!$A:$A="??????????"))),IF($P97="","",XLOOKUP($P97,FILTER(Dictionaries!$B:$B,Dictionaries!$A:$A="???????"),FILTER(Dictionaries!$C:$C,Dictionaries!$A:$A="???????"))),IF($U97="","",LET(t,IF(OR($B97="????",$B97="????"),"train","rest"),k,$U97,p,$V97,f,$W97,c,$X97,k_s,IF(t="train",IF(k="","",IFS(AND(k>=1900,k<=2050),1,AND(k>=1850,k<1900),0.7,AND(k>2050,k<=2100),0.7,TRUE,0.2)),IF(k="","",IFS(AND(k>=1700,k<=1850),1,AND(k>=1650,k<1700),0.7,AND(k>1850,k<=1900),0.7,TRUE,0.2))),p_s,IF(t="train",IF(p="","",IFS(AND(p>=125,p<=135),1,AND(p>=115,p<125),0.7,AND(p>135,p<=145),0.7,AND(p>=105,p<115),0.4,AND(p>145,p<=155),0.4,TRUE,0.2)),IF(p="","",IFS(AND(p>=120,p<=130),1,AND(p>=110,p<120),0.7,AND(p>130,p<=140),0.7,AND(p>=100,p<110),0.4,AND(p>140,p<=150),0.4,TRUE,0.2))),f_s,IF(f="","",IFS(AND(f>=55,f<=65),1,AND(f>=50,f<55),0.7,AND(f>65,f<=70),0.7,AND(f>=45,f<50),0.4,AND(f>70,f<=75),0.4,TRUE,0.2)),c_s,IF(t="train",IF(c="","",IFS(AND(c>=180,c<=210),1,AND(c>=160,c<180),0.7,AND(c>210,c<=230),0.7,AND(c>=140,c<160),0.4,AND(c>230,c<=250),0.4,TRUE,0.2)),IF(c="","",IFS(AND(c>=140,c<=170),1,AND(c>=120,c<140),0.7,AND(c>170,c<=190),0.7,AND(c>=100,c<120),0.4,AND(c>190,c<=210),0.4,TRUE,0.2))),AVERAGE(k_s,p_s,f_s,c_s)))),1),"")) | Z97: =IF($A97="","",TEXTJOIN(", ",TRUE,IF($B97="","??????????",""),IF($C97="","??????",""),IF($D97="","????",""),IF($E97="","??????????",""),IF($F97="","???-?????",""),IF($G97="","???-????",""),IF($H97="","??????",""),IF($L97="","???",""),IF($M97="","?????",""),IF($N97="","??????????????",""),IF($O97="","??????????",""),IF($P97="","???????",""),IF($U97="","???","")))
U98: =IF($A98="","",IF(SUMIF(FoodLog!$A:$A,$A98,FoodLog!$I:$I)=0,"",SUMIF(FoodLog!$A:$A,$A98,FoodLog!$I:$I))) | V98: =IF($A98="","",IF(SUMIF(FoodLog!$A:$A,$A98,FoodLog!$F:$F)=0,"",SUMIF(FoodLog!$A:$A,$A98,FoodLog!$F:$F))) | W98: =IF($A98="","",IF(SUMIF(FoodLog!$A:$A,$A98,FoodLog!$G:$G)=0,"",SUMIF(FoodLog!$A:$A,$A98,FoodLog!$G:$G))) | X98: =IF($A98="","",IF(SUMIF(FoodLog!$A:$A,$A98,FoodLog!$H:$H)=0,"",SUMIF(FoodLog!$A:$A,$A98,FoodLog!$H:$H))) | Y98: =IF($A98="","",IFERROR(ROUND(100*AVERAGE(IF($B98="","",XLOOKUP($B98,FILTER(Dictionaries!$B:$B,Dictionaries!$A:$A="??????????"),FILTER(Dictionaries!$C:$C,Dictionaries!$A:$A="??????????"))),IF($C98="","",MIN($C98/40,1)),IF($D98="","",XLOOKUP($D98,FILTER(Dictionaries!$B:$B,Dictionaries!$A:$A="????"),FILTER(Dictionaries!$C:$C,Dictionaries!$A:$A="????"))),IF($E98="","",MIN($E98/120,1)),IF(OR($F98<>"",$G98<>""),1,""),IF($H98="","",MIN($H98/100,1)),IF($L98="","",XLOOKUP($L98,FILTER(Dictionaries!$B:$B,Dictionaries!$A:$A="???_????"),FILTER(Dictionaries!$C:$C,Dictionaries!$A:$A="???_????"))),IF($M98="","",XLOOKUP($M98,FILTER(Dictionaries!$B:$B,Dictionaries!$A:$A="?????"),FILTER(Dictionaries!$C:$C,Dictionaries!$A:$A="?????"))),IF($N98="","",MIN($N98/100,1)),IF($O98="","",XLOOKUP($O98,FILTER(Dictionaries!$B:$B,Dictionaries!$A:$A="??????????"),FILTER(Dictionaries!$C:$C,Dictionaries!$A:$A="??????????"))),IF($P98="","",XLOOKUP($P98,FILTER(Dictionaries!$B:$B,Dictionaries!$A:$A="???????"),FILTER(Dictionaries!$C:$C,Dictionaries!$A:$A="???????"))),IF($U98="","",LET(t,IF(OR($B98="????",$B98="????"),"train","rest"),k,$U98,p,$V98,f,$W98,c,$X98,k_s,IF(t="train",IF(k="","",IFS(AND(k>=1900,k<=2050),1,AND(k>=1850,k<1900),0.7,AND(k>2050,k<=2100),0.7,TRUE,0.2)),IF(k="","",IFS(AND(k>=1700,k<=1850),1,AND(k>=1650,k<1700),0.7,AND(k>1850,k<=1900),0.7,TRUE,0.2))),p_s,IF(t="train",IF(p="","",IFS(AND(p>=125,p<=135),1,AND(p>=115,p<125),0.7,AND(p>135,p<=145),0.7,AND(p>=105,p<115),0.4,AND(p>145,p<=155),0.4,TRUE,0.2)),IF(p="","",IFS(AND(p>=120,p<=130),1,AND(p>=110,p<120),0.7,AND(p>130,p<=140),0.7,AND(p>=100,p<110),0.4,AND(p>140,p<=150),0.4,TRUE,0.2))),f_s,IF(f="","",IFS(AND(f>=55,f<=65),1,AND(f>=50,f<55),0.7,AND(f>65,f<=70),0.7,AND(f>=45,f<50),0.4,AND(f>70,f<=75),0.4,TRUE,0.2)),c_s,IF(t="train",IF(c="","",IFS(AND(c>=180,c<=210),1,AND(c>=160,c<180),0.7,AND(c>210,c<=230),0.7,AND(c>=140,c<160),0.4,AND(c>230,c<=250),0.4,TRUE,0.2)),IF(c="","",IFS(AND(c>=140,c<=170),1,AND(c>=120,c<140),0.7,AND(c>170,c<=190),0.7,AND(c>=100,c<120),0.4,AND(c>190,c<=210),0.4,TRUE,0.2))),AVERAGE(k_s,p_s,f_s,c_s)))),1),"")) | Z98: =IF($A98="","",TEXTJOIN(", ",TRUE,IF($B98="","??????????",""),IF($C98="","??????",""),IF($D98="","????",""),IF($E98="","??????????",""),IF($F98="","???-?????",""),IF($G98="","???-????",""),IF($H98="","??????",""),IF($L98="","???",""),IF($M98="","?????",""),IF($N98="","??????????????",""),IF($O98="","??????????",""),IF($P98="","???????",""),IF($U98="","???","")))
U99: =IF($A99="","",IF(SUMIF(FoodLog!$A:$A,$A99,FoodLog!$I:$I)=0,"",SUMIF(FoodLog!$A:$A,$A99,FoodLog!$I:$I))) | V99: =IF($A99="","",IF(SUMIF(FoodLog!$A:$A,$A99,FoodLog!$F:$F)=0,"",SUMIF(FoodLog!$A:$A,$A99,FoodLog!$F:$F))) | W99: =IF($A99="","",IF(SUMIF(FoodLog!$A:$A,$A99,FoodLog!$G:$G)=0,"",SUMIF(FoodLog!$A:$A,$A99,FoodLog!$G:$G))) | X99: =IF($A99="","",IF(SUMIF(FoodLog!$A:$A,$A99,FoodLog!$H:$H)=0,"",SUMIF(FoodLog!$A:$A,$A99,FoodLog!$H:$H))) | Y99: =IF($A99="","",IFERROR(ROUND(100*AVERAGE(IF($B99="","",XLOOKUP($B99,FILTER(Dictionaries!$B:$B,Dictionaries!$A:$A="??????????"),FILTER(Dictionaries!$C:$C,Dictionaries!$A:$A="??????????"))),IF($C99="","",MIN($C99/40,1)),IF($D99="","",XLOOKUP($D99,FILTER(Dictionaries!$B:$B,Dictionaries!$A:$A="????"),FILTER(Dictionaries!$C:$C,Dictionaries!$A:$A="????"))),IF($E99="","",MIN($E99/120,1)),IF(OR($F99<>"",$G99<>""),1,""),IF($H99="","",MIN($H99/100,1)),IF($L99="","",XLOOKUP($L99,FILTER(Dictionaries!$B:$B,Dictionaries!$A:$A="???_????"),FILTER(Dictionaries!$C:$C,Dictionaries!$A:$A="???_????"))),IF($M99="","",XLOOKUP($M99,FILTER(Dictionaries!$B:$B,Dictionaries!$A:$A="?????"),FILTER(Dictionaries!$C:$C,Dictionaries!$A:$A="?????"))),IF($N99="","",MIN($N99/100,1)),IF($O99="","",XLOOKUP($O99,FILTER(Dictionaries!$B:$B,Dictionaries!$A:$A="??????????"),FILTER(Dictionaries!$C:$C,Dictionaries!$A:$A="??????????"))),IF($P99="","",XLOOKUP($P99,FILTER(Dictionaries!$B:$B,Dictionaries!$A:$A="???????"),FILTER(Dictionaries!$C:$C,Dictionaries!$A:$A="???????"))),IF($U99="","",LET(t,IF(OR($B99="????",$B99="????"),"train","rest"),k,$U99,p,$V99,f,$W99,c,$X99,k_s,IF(t="train",IF(k="","",IFS(AND(k>=1900,k<=2050),1,AND(k>=1850,k<1900),0.7,AND(k>2050,k<=2100),0.7,TRUE,0.2)),IF(k="","",IFS(AND(k>=1700,k<=1850),1,AND(k>=1650,k<1700),0.7,AND(k>1850,k<=1900),0.7,TRUE,0.2))),p_s,IF(t="train",IF(p="","",IFS(AND(p>=125,p<=135),1,AND(p>=115,p<125),0.7,AND(p>135,p<=145),0.7,AND(p>=105,p<115),0.4,AND(p>145,p<=155),0.4,TRUE,0.2)),IF(p="","",IFS(AND(p>=120,p<=130),1,AND(p>=110,p<120),0.7,AND(p>130,p<=140),0.7,AND(p>=100,p<110),0.4,AND(p>140,p<=150),0.4,TRUE,0.2))),f_s,IF(f="","",IFS(AND(f>=55,f<=65),1,AND(f>=50,f<55),0.7,AND(f>65,f<=70),0.7,AND(f>=45,f<50),0.4,AND(f>70,f<=75),0.4,TRUE,0.2)),c_s,IF(t="train",IF(c="","",IFS(AND(c>=180,c<=210),1,AND(c>=160,c<180),0.7,AND(c>210,c<=230),0.7,AND(c>=140,c<160),0.4,AND(c>230,c<=250),0.4,TRUE,0.2)),IF(c="","",IFS(AND(c>=140,c<=170),1,AND(c>=120,c<140),0.7,AND(c>170,c<=190),0.7,AND(c>=100,c<120),0.4,AND(c>190,c<=210),0.4,TRUE,0.2))),AVERAGE(k_s,p_s,f_s,c_s)))),1),"")) | Z99: =IF($A99="","",TEXTJOIN(", ",TRUE,IF($B99="","??????????",""),IF($C99="","??????",""),IF($D99="","????",""),IF($E99="","??????????",""),IF($F99="","???-?????",""),IF($G99="","???-????",""),IF($H99="","??????",""),IF($L99="","???",""),IF($M99="","?????",""),IF($N99="","??????????????",""),IF($O99="","??????????",""),IF($P99="","???????",""),IF($U99="","???","")))
U100: =IF($A100="","",IF(SUMIF(FoodLog!$A:$A,$A100,FoodLog!$I:$I)=0,"",SUMIF(FoodLog!$A:$A,$A100,FoodLog!$I:$I))) | V100: =IF($A100="","",IF(SUMIF(FoodLog!$A:$A,$A100,FoodLog!$F:$F)=0,"",SUMIF(FoodLog!$A:$A,$A100,FoodLog!$F:$F))) | W100: =IF($A100="","",IF(SUMIF(FoodLog!$A:$A,$A100,FoodLog!$G:$G)=0,"",SUMIF(FoodLog!$A:$A,$A100,FoodLog!$G:$G))) | X100: =IF($A100="","",IF(SUMIF(FoodLog!$A:$A,$A100,FoodLog!$H:$H)=0,"",SUMIF(FoodLog!$A:$A,$A100,FoodLog!$H:$H))) | Y100: =IF($A100="","",IFERROR(ROUND(100*AVERAGE(IF($B100="","",XLOOKUP($B100,FILTER(Dictionaries!$B:$B,Dictionaries!$A:$A="??????????"),FILTER(Dictionaries!$C:$C,Dictionaries!$A:$A="??????????"))),IF($C100="","",MIN($C100/40,1)),IF($D100="","",XLOOKUP($D100,FILTER(Dictionaries!$B:$B,Dictionaries!$A:$A="????"),FILTER(Dictionaries!$C:$C,Dictionaries!$A:$A="????"))),IF($E100="","",MIN($E100/120,1)),IF(OR($F100<>"",$G100<>""),1,""),IF($H100="","",MIN($H100/100,1)),IF($L100="","",XLOOKUP($L100,FILTER(Dictionaries!$B:$B,Dictionaries!$A:$A="???_????"),FILTER(Dictionaries!$C:$C,Dictionaries!$A:$A="???_????"))),IF($M100="","",XLOOKUP($M100,FILTER(Dictionaries!$B:$B,Dictionaries!$A:$A="?????"),FILTER(Dictionaries!$C:$C,Dictionaries!$A:$A="?????"))),IF($N100="","",MIN($N100/100,1)),IF($O100="","",XLOOKUP($O100,FILTER(Dictionaries!$B:$B,Dictionaries!$A:$A="??????????"),FILTER(Dictionaries!$C:$C,Dictionaries!$A:$A="??????????"))),IF($P100="","",XLOOKUP($P100,FILTER(Dictionaries!$B:$B,Dictionaries!$A:$A="???????"),FILTER(Dictionaries!$C:$C,Dictionaries!$A:$A="???????"))),IF($U100="","",LET(t,IF(OR($B100="????",$B100="????"),"train","rest"),k,$U100,p,$V100,f,$W100,c,$X100,k_s,IF(t="train",IF(k="","",IFS(AND(k>=1900,k<=2050),1,AND(k>=1850,k<1900),0.7,AND(k>2050,k<=2100),0.7,TRUE,0.2)),IF(k="","",IFS(AND(k>=1700,k<=1850),1,AND(k>=1650,k<1700),0.7,AND(k>1850,k<=1900),0.7,TRUE,0.2))),p_s,IF(t="train",IF(p="","",IFS(AND(p>=125,p<=135),1,AND(p>=115,p<125),0.7,AND(p>135,p<=145),0.7,AND(p>=105,p<115),0.4,AND(p>145,p<=155),0.4,TRUE,0.2)),IF(p="","",IFS(AND(p>=120,p<=130),1,AND(p>=110,p<120),0.7,AND(p>130,p<=140),0.7,AND(p>=100,p<110),0.4,AND(p>140,p<=150),0.4,TRUE,0.2))),f_s,IF(f="","",IFS(AND(f>=55,f<=65),1,AND(f>=50,f<55),0.7,AND(f>65,f<=70),0.7,AND(f>=45,f<50),0.4,AND(f>70,f<=75),0.4,TRUE,0.2)),c_s,IF(t="train",IF(c="","",IFS(AND(c>=180,c<=210),1,AND(c>=160,c<180),0.7,AND(c>210,c<=230),0.7,AND(c>=140,c<160),0.4,AND(c>230,c<=250),0.4,TRUE,0.2)),IF(c="","",IFS(AND(c>=140,c<=170),1,AND(c>=120,c<140),0.7,AND(c>170,c<=190),0.7,AND(c>=100,c<120),0.4,AND(c>190,c<=210),0.4,TRUE,0.2))),AVERAGE(k_s,p_s,f_s,c_s)))),1),"")) | Z100: =IF($A100="","",TEXTJOIN(", ",TRUE,IF($B100="","??????????",""),IF($C100="","??????",""),IF($D100="","????",""),IF($E100="","??????????",""),IF($F100="","???-?????",""),IF($G100="","???-????",""),IF($H100="","??????",""),IF($L100="","???",""),IF($M100="","?????",""),IF($N100="","??????????????",""),IF($O100="","??????????",""),IF($P100="","???????",""),IF($U100="","???","")))
U101: =IF($A101="","",IF(SUMIF(FoodLog!$A:$A,$A101,FoodLog!$I:$I)=0,"",SUMIF(FoodLog!$A:$A,$A101,FoodLog!$I:$I))) | V101: =IF($A101="","",IF(SUMIF(FoodLog!$A:$A,$A101,FoodLog!$F:$F)=0,"",SUMIF(FoodLog!$A:$A,$A101,FoodLog!$F:$F))) | W101: =IF($A101="","",IF(SUMIF(FoodLog!$A:$A,$A101,FoodLog!$G:$G)=0,"",SUMIF(FoodLog!$A:$A,$A101,FoodLog!$G:$G))) | X101: =IF($A101="","",IF(SUMIF(FoodLog!$A:$A,$A101,FoodLog!$H:$H)=0,"",SUMIF(FoodLog!$A:$A,$A101,FoodLog!$H:$H))) | Y101: =IF($A101="","",IFERROR(ROUND(100*AVERAGE(IF($B101="","",XLOOKUP($B101,FILTER(Dictionaries!$B:$B,Dictionaries!$A:$A="??????????"),FILTER(Dictionaries!$C:$C,Dictionaries!$A:$A="??????????"))),IF($C101="","",MIN($C101/40,1)),IF($D101="","",XLOOKUP($D101,FILTER(Dictionaries!$B:$B,Dictionaries!$A:$A="????"),FILTER(Dictionaries!$C:$C,Dictionaries!$A:$A="????"))),IF($E101="","",MIN($E101/120,1)),IF(OR($F101<>"",$G101<>""),1,""),IF($H101="","",MIN($H101/100,1)),IF($L101="","",XLOOKUP($L101,FILTER(Dictionaries!$B:$B,Dictionaries!$A:$A="???_????"),FILTER(Dictionaries!$C:$C,Dictionaries!$A:$A="???_????"))),IF($M101="","",XLOOKUP($M101,FILTER(Dictionaries!$B:$B,Dictionaries!$A:$A="?????"),FILTER(Dictionaries!$C:$C,Dictionaries!$A:$A="?????"))),IF($N101="","",MIN($N101/100,1)),IF($O101="","",XLOOKUP($O101,FILTER(Dictionaries!$B:$B,Dictionaries!$A:$A="??????????"),FILTER(Dictionaries!$C:$C,Dictionaries!$A:$A="??????????"))),IF($P101="","",XLOOKUP($P101,FILTER(Dictionaries!$B:$B,Dictionaries!$A:$A="???????"),FILTER(Dictionaries!$C:$C,Dictionaries!$A:$A="???????"))),IF($U101="","",LET(t,IF(OR($B101="????",$B101="????"),"train","rest"),k,$U101,p,$V101,f,$W101,c,$X101,k_s,IF(t="train",IF(k="","",IFS(AND(k>=1900,k<=2050),1,AND(k>=1850,k<1900),0.7,AND(k>2050,k<=2100),0.7,TRUE,0.2)),IF(k="","",IFS(AND(k>=1700,k<=1850),1,AND(k>=1650,k<1700),0.7,AND(k>1850,k<=1900),0.7,TRUE,0.2))),p_s,IF(t="train",IF(p="","",IFS(AND(p>=125,p<=135),1,AND(p>=115,p<125),0.7,AND(p>135,p<=145),0.7,AND(p>=105,p<115),0.4,AND(p>145,p<=155),0.4,TRUE,0.2)),IF(p="","",IFS(AND(p>=120,p<=130),1,AND(p>=110,p<120),0.7,AND(p>130,p<=140),0.7,AND(p>=100,p<110),0.4,AND(p>140,p<=150),0.4,TRUE,0.2))),f_s,IF(f="","",IFS(AND(f>=55,f<=65),1,AND(f>=50,f<55),0.7,AND(f>65,f<=70),0.7,AND(f>=45,f<50),0.4,AND(f>70,f<=75),0.4,TRUE,0.2)),c_s,IF(t="train",IF(c="","",IFS(AND(c>=180,c<=210),1,AND(c>=160,c<180),0.7,AND(c>210,c<=230),0.7,AND(c>=140,c<160),0.4,AND(c>230,c<=250),0.4,TRUE,0.2)),IF(c="","",IFS(AND(c>=140,c<=170),1,AND(c>=120,c<140),0.7,AND(c>170,c<=190),0.7,AND(c>=100,c<120),0.4,AND(c>190,c<=210),0.4,TRUE,0.2))),AVERAGE(k_s,p_s,f_s,c_s)))),1),"")) | Z101: =IF($A101="","",TEXTJOIN(", ",TRUE,IF($B101="","??????????",""),IF($C101="","??????",""),IF($D101="","????",""),IF($E101="","??????????",""),IF($F101="","???-?????",""),IF($G101="","???-????",""),IF($H101="","??????",""),IF($L101="","???",""),IF($M101="","?????",""),IF($N101="","??????????????",""),IF($O101="","??????????",""),IF($P101="","???????",""),IF($U101="","???","")))
U102: =IF($A102="","",IF(SUMIF(FoodLog!$A:$A,$A102,FoodLog!$I:$I)=0,"",SUMIF(FoodLog!$A:$A,$A102,FoodLog!$I:$I))) | V102: =IF($A102="","",IF(SUMIF(FoodLog!$A:$A,$A102,FoodLog!$F:$F)=0,"",SUMIF(FoodLog!$A:$A,$A102,FoodLog!$F:$F))) | W102: =IF($A102="","",IF(SUMIF(FoodLog!$A:$A,$A102,FoodLog!$G:$G)=0,"",SUMIF(FoodLog!$A:$A,$A102,FoodLog!$G:$G))) | X102: =IF($A102="","",IF(SUMIF(FoodLog!$A:$A,$A102,FoodLog!$H:$H)=0,"",SUMIF(FoodLog!$A:$A,$A102,FoodLog!$H:$H))) | Y102: =IF($A102="","",IFERROR(ROUND(100*AVERAGE(IF($B102="","",XLOOKUP($B102,FILTER(Dictionaries!$B:$B,Dictionaries!$A:$A="??????????"),FILTER(Dictionaries!$C:$C,Dictionaries!$A:$A="??????????"))),IF($C102="","",MIN($C102/40,1)),IF($D102="","",XLOOKUP($D102,FILTER(Dictionaries!$B:$B,Dictionaries!$A:$A="????"),FILTER(Dictionaries!$C:$C,Dictionaries!$A:$A="????"))),IF($E102="","",MIN($E102/120,1)),IF(OR($F102<>"",$G102<>""),1,""),IF($H102="","",MIN($H102/100,1)),IF($L102="","",XLOOKUP($L102,FILTER(Dictionaries!$B:$B,Dictionaries!$A:$A="???_????"),FILTER(Dictionaries!$C:$C,Dictionaries!$A:$A="???_????"))),IF($M102="","",XLOOKUP($M102,FILTER(Dictionaries!$B:$B,Dictionaries!$A:$A="?????"),FILTER(Dictionaries!$C:$C,Dictionaries!$A:$A="?????"))),IF($N102="","",MIN($N102/100,1)),IF($O102="","",XLOOKUP($O102,FILTER(Dictionaries!$B:$B,Dictionaries!$A:$A="??????????"),FILTER(Dictionaries!$C:$C,Dictionaries!$A:$A="??????????"))),IF($P102="","",XLOOKUP($P102,FILTER(Dictionaries!$B:$B,Dictionaries!$A:$A="???????"),FILTER(Dictionaries!$C:$C,Dictionaries!$A:$A="???????"))),IF($U102="","",LET(t,IF(OR($B102="????",$B102="????"),"train","rest"),k,$U102,p,$V102,f,$W102,c,$X102,k_s,IF(t="train",IF(k="","",IFS(AND(k>=1900,k<=2050),1,AND(k>=1850,k<1900),0.7,AND(k>2050,k<=2100),0.7,TRUE,0.2)),IF(k="","",IFS(AND(k>=1700,k<=1850),1,AND(k>=1650,k<1700),0.7,AND(k>1850,k<=1900),0.7,TRUE,0.2))),p_s,IF(t="train",IF(p="","",IFS(AND(p>=125,p<=135),1,AND(p>=115,p<125),0.7,AND(p>135,p<=145),0.7,AND(p>=105,p<115),0.4,AND(p>145,p<=155),0.4,TRUE,0.2)),IF(p="","",IFS(AND(p>=120,p<=130),1,AND(p>=110,p<120),0.7,AND(p>130,p<=140),0.7,AND(p>=100,p<110),0.4,AND(p>140,p<=150),0.4,TRUE,0.2))),f_s,IF(f="","",IFS(AND(f>=55,f<=65),1,AND(f>=50,f<55),0.7,AND(f>65,f<=70),0.7,AND(f>=45,f<50),0.4,AND(f>70,f<=75),0.4,TRUE,0.2)),c_s,IF(t="train",IF(c="","",IFS(AND(c>=180,c<=210),1,AND(c>=160,c<180),0.7,AND(c>210,c<=230),0.7,AND(c>=140,c<160),0.4,AND(c>230,c<=250),0.4,TRUE,0.2)),IF(c="","",IFS(AND(c>=140,c<=170),1,AND(c>=120,c<140),0.7,AND(c>170,c<=190),0.7,AND(c>=100,c<120),0.4,AND(c>190,c<=210),0.4,TRUE,0.2))),AVERAGE(k_s,p_s,f_s,c_s)))),1),"")) | Z102: =IF($A102="","",TEXTJOIN(", ",TRUE,IF($B102="","??????????",""),IF($C102="","??????",""),IF($D102="","????",""),IF($E102="","??????????",""),IF($F102="","???-?????",""),IF($G102="","???-????",""),IF($H102="","??????",""),IF($L102="","???",""),IF($M102="","?????",""),IF($N102="","??????????????",""),IF($O102="","??????????",""),IF($P102="","???????",""),IF($U102="","???","")))
U103: =IF($A103="","",IF(SUMIF(FoodLog!$A:$A,$A103,FoodLog!$I:$I)=0,"",SUMIF(FoodLog!$A:$A,$A103,FoodLog!$I:$I))) | V103: =IF($A103="","",IF(SUMIF(FoodLog!$A:$A,$A103,FoodLog!$F:$F)=0,"",SUMIF(FoodLog!$A:$A,$A103,FoodLog!$F:$F))) | W103: =IF($A103="","",IF(SUMIF(FoodLog!$A:$A,$A103,FoodLog!$G:$G)=0,"",SUMIF(FoodLog!$A:$A,$A103,FoodLog!$G:$G))) | X103: =IF($A103="","",IF(SUMIF(FoodLog!$A:$A,$A103,FoodLog!$H:$H)=0,"",SUMIF(FoodLog!$A:$A,$A103,FoodLog!$H:$H))) | Y103: =IF($A103="","",IFERROR(ROUND(100*AVERAGE(IF($B103="","",XLOOKUP($B103,FILTER(Dictionaries!$B:$B,Dictionaries!$A:$A="??????????"),FILTER(Dictionaries!$C:$C,Dictionaries!$A:$A="??????????"))),IF($C103="","",MIN($C103/40,1)),IF($D103="","",XLOOKUP($D103,FILTER(Dictionaries!$B:$B,Dictionaries!$A:$A="????"),FILTER(Dictionaries!$C:$C,Dictionaries!$A:$A="????"))),IF($E103="","",MIN($E103/120,1)),IF(OR($F103<>"",$G103<>""),1,""),IF($H103="","",MIN($H103/100,1)),IF($L103="","",XLOOKUP($L103,FILTER(Dictionaries!$B:$B,Dictionaries!$A:$A="???_????"),FILTER(Dictionaries!$C:$C,Dictionaries!$A:$A="???_????"))),IF($M103="","",XLOOKUP($M103,FILTER(Dictionaries!$B:$B,Dictionaries!$A:$A="?????"),FILTER(Dictionaries!$C:$C,Dictionaries!$A:$A="?????"))),IF($N103="","",MIN($N103/100,1)),IF($O103="","",XLOOKUP($O103,FILTER(Dictionaries!$B:$B,Dictionaries!$A:$A="??????????"),FILTER(Dictionaries!$C:$C,Dictionaries!$A:$A="??????????"))),IF($P103="","",XLOOKUP($P103,FILTER(Dictionaries!$B:$B,Dictionaries!$A:$A="???????"),FILTER(Dictionaries!$C:$C,Dictionaries!$A:$A="???????"))),IF($U103="","",LET(t,IF(OR($B103="????",$B103="????"),"train","rest"),k,$U103,p,$V103,f,$W103,c,$X103,k_s,IF(t="train",IF(k="","",IFS(AND(k>=1900,k<=2050),1,AND(k>=1850,k<1900),0.7,AND(k>2050,k<=2100),0.7,TRUE,0.2)),IF(k="","",IFS(AND(k>=1700,k<=1850),1,AND(k>=1650,k<1700),0.7,AND(k>1850,k<=1900),0.7,TRUE,0.2))),p_s,IF(t="train",IF(p="","",IFS(AND(p>=125,p<=135),1,AND(p>=115,p<125),0.7,AND(p>135,p<=145),0.7,AND(p>=105,p<115),0.4,AND(p>145,p<=155),0.4,TRUE,0.2)),IF(p="","",IFS(AND(p>=120,p<=130),1,AND(p>=110,p<120),0.7,AND(p>130,p<=140),0.7,AND(p>=100,p<110),0.4,AND(p>140,p<=150),0.4,TRUE,0.2))),f_s,IF(f="","",IFS(AND(f>=55,f<=65),1,AND(f>=50,f<55),0.7,AND(f>65,f<=70),0.7,AND(f>=45,f<50),0.4,AND(f>70,f<=75),0.4,TRUE,0.2)),c_s,IF(t="train",IF(c="","",IFS(AND(c>=180,c<=210),1,AND(c>=160,c<180),0.7,AND(c>210,c<=230),0.7,AND(c>=140,c<160),0.4,AND(c>230,c<=250),0.4,TRUE,0.2)),IF(c="","",IFS(AND(c>=140,c<=170),1,AND(c>=120,c<140),0.7,AND(c>170,c<=190),0.7,AND(c>=100,c<120),0.4,AND(c>190,c<=210),0.4,TRUE,0.2))),AVERAGE(k_s,p_s,f_s,c_s)))),1),"")) | Z103: =IF($A103="","",TEXTJOIN(", ",TRUE,IF($B103="","??????????",""),IF($C103="","??????",""),IF($D103="","????",""),IF($E103="","??????????",""),IF($F103="","???-?????",""),IF($G103="","???-????",""),IF($H103="","??????",""),IF($L103="","???",""),IF($M103="","?????",""),IF($N103="","??????????????",""),IF($O103="","??????????",""),IF($P103="","???????",""),IF($U103="","???","")))
... U400: =IF($A400="","",IF(SUMIF(FoodLog!$A:$A,$A400,FoodLog!$I:$I)=0,"",SUMIF(FoodLog!$A:$A,$A400,FoodLog!$I:$I))) | V400: =IF($A400="","",IF(SUMIF(FoodLog!$A:$A,$A400,FoodLog!$F:$F)=0,"",SUMIF(FoodLog!$A:$A,$A400,FoodLog!$F:$F))) | W400: =IF($A400="","",IF(SUMIF(FoodLog!$A:$A,$A400,FoodLog!$G:$G)=0,"",SUMIF(FoodLog!$A:$A,$A400,FoodLog!$G:$G))) | X400: =IF($A400="","",IF(SUMIF(FoodLog!$A:$A,$A400,FoodLog!$H:$H)=0,"",SUMIF(FoodLog!$A:$A,$A400,FoodLog!$H:$H))) | Y400: =IF($A400="","",IFERROR(ROUND(100*AVERAGE(IF($B400="","",XLOOKUP($B400,FILTER(Dictionaries!$B:$B,Dictionaries!$A:$A="??????????"),FILTER(Dictionaries!$C:$C,Dictionaries!$A:$A="??????????"))),IF($C400="","",MIN($C400/40,1)),IF($D400="","",XLOOKUP($D400,FILTER(Dictionaries!$B:$B,Dictionaries!$A:$A="????"),FILTER(Dictionaries!$C:$C,Dictionaries!$A:$A="????"))),IF($E400="","",MIN($E400/120,1)),IF(OR($F400<>"",$G400<>""),1,""),IF($H400="","",MIN($H400/100,1)),IF($L400="","",XLOOKUP($L400,FILTER(Dictionaries!$B:$B,Dictionaries!$A:$A="???_????"),FILTER(Dictionaries!$C:$C,Dictionaries!$A:$A="???_????"))),IF($M400="","",XLOOKUP($M400,FILTER(Dictionaries!$B:$B,Dictionaries!$A:$A="?????"),FILTER(Dictionaries!$C:$C,Dictionaries!$A:$A="?????"))),IF($N400="","",MIN($N400/100,1)),IF($O400="","",XLOOKUP($O400,FILTER(Dictionaries!$B:$B,Dictionaries!$A:$A="??????????"),FILTER(Dictionaries!$C:$C,Dictionaries!$A:$A="??????????"))),IF($P400="","",XLOOKUP($P400,FILTER(Dictionaries!$B:$B,Dictionaries!$A:$A="???????"),FILTER(Dictionaries!$C:$C,Dictionaries!$A:$A="???????"))),IF($U400="","",LET(t,IF(OR($B400="????",$B400="????"),"train","rest"),k,$U400,p,$V400,f,$W400,c,$X400,k_s,IF(t="train",IF(k="","",IFS(AND(k>=1900,k<=2050),1,AND(k>=1850,k<1900),0.7,AND(k>2050,k<=2100),0.7,TRUE,0.2)),IF(k="","",IFS(AND(k>=1700,k<=1850),1,AND(k>=1650,k<1700),0.7,AND(k>1850,k<=1900),0.7,TRUE,0.2))),p_s,IF(t="train",IF(p="","",IFS(AND(p>=125,p<=135),1,AND(p>=115,p<125),0.7,AND(p>135,p<=145),0.7,AND(p>=105,p<115),0.4,AND(p>145,p<=155),0.4,TRUE,0.2)),IF(p="","",IFS(AND(p>=120,p<=130),1,AND(p>=110,p<120),0.7,AND(p>130,p<=140),0.7,AND(p>=100,p<110),0.4,AND(p>140,p<=150),0.4,TRUE,0.2))),f_s,IF(f="","",IFS(AND(f>=55,f<=65),1,AND(f>=50,f<55),0.7,AND(f>65,f<=70),0.7,AND(f>=45,f<50),0.4,AND(f>70,f<=75),0.4,TRUE,0.2)),c_s,IF(t="train",IF(c="","",IFS(AND(c>=180,c<=210),1,AND(c>=160,c<180),0.7,AND(c>210,c<=230),0.7,AND(c>=140,c<160),0.4,AND(c>230,c<=250),0.4,TRUE,0.2)),IF(c="","",IFS(AND(c>=140,c<=170),1,AND(c>=120,c<140),0.7,AND(c>170,c<=190),0.7,AND(c>=100,c<120),0.4,AND(c>190,c<=210),0.4,TRUE,0.2))),AVERAGE(k_s,p_s,f_s,c_s)))),1),"")) | Z400: =IF($A400="","",TEXTJOIN(", ",TRUE,IF($B400="","??????????",""),IF($C400="","??????",""),IF($D400="","????",""),IF($E400="","??????????",""),IF($F400="","???-?????",""),IF($G400="","???-????",""),IF($H400="","??????",""),IF($L400="","???",""),IF($M400="","?????",""),IF($N400="","??????????????",""),IF($O400="","??????????",""),IF($P400="","???????",""),IF($U400="","???","")))

Sheet FoodLog
A1: ???? | B1: ????? | C1: ???_?????? | D1: ???-??_?????? | E1: ?????_????? | F1: ????? | G1: ???? | H1: ???? | I1: ???? | J1: ???????????
E2: =ARRAYFORMULA(IF(C2:C="","",D2:D*XLOOKUP(C2:C,Portions!$A:$A,Portions!$D:$D))) | F2: =ARRAYFORMULA(IF(E2:E="","",E2:E/100*XLOOKUP(XLOOKUP(C2:C,Portions!$A:$A,Portions!$B:$B),FoodItems!$A:$A,FoodItems!$B:$B))) | G2: =ARRAYFORMULA(IF(E2:E="","",E2:E/100*XLOOKUP(XLOOKUP(C2:C,Portions!$A:$A,Portions!$B:$B),FoodItems!$A:$A,FoodItems!$C:$C))) | H2: =ARRAYFORMULA(IF(E2:E="","",E2:E/100*XLOOKUP(XLOOKUP(C2:C,Portions!$A:$A,Portions!$B:$B),FoodItems!$A:$A,FoodItems!$D:$D))) | I2: =ARRAYFORMULA(IF(E2:E="","",E2:E/100*XLOOKUP(XLOOKUP(C2:C,Portions!$A:$A,Portions!$B:$B),FoodItems!$A:$A,FoodItems!$E:$E)))
E3: =IF(C3="","",D3*XLOOKUP(C3,Portions!$A:$A,Portions!$D:$D)) | F3: =IF(E3="","",E3/100*XLOOKUP(XLOOKUP(C3,Portions!$A:$A,Portions!$B:$B),FoodItems!$A:$A,FoodItems!$B:$B)) | G3: =IF(E3="","",E3/100*XLOOKUP(XLOOKUP(C3,Portions!$A:$A,Portions!$B:$B),FoodItems!$A:$A,FoodItems!$C:$C)) | H3: =IF(E3="","",E3/100*XLOOKUP(XLOOKUP(C3,Portions!$A:$A,Portions!$B:$B),FoodItems!$A:$A,FoodItems!$D:$D)) | I3: =IF(E3="","",E3/100*XLOOKUP(XLOOKUP(C3,Portions!$A:$A,Portions!$B:$B),FoodItems!$A:$A,FoodItems!$E:$E))
E4: =IF(C4="","",D4*XLOOKUP(C4,Portions!$A:$A,Portions!$D:$D)) | F4: =IF(E4="","",E4/100*XLOOKUP(XLOOKUP(C4,Portions!$A:$A,Portions!$B:$B),FoodItems!$A:$A,FoodItems!$B:$B)) | G4: =IF(E4="","",E4/100*XLOOKUP(XLOOKUP(C4,Portions!$A:$A,Portions!$B:$B),FoodItems!$A:$A,FoodItems!$C:$C)) | H4: =IF(E4="","",E4/100*XLOOKUP(XLOOKUP(C4,Portions!$A:$A,Portions!$B:$B),FoodItems!$A:$A,FoodItems!$D:$D)) | I4: =IF(E4="","",E4/100*XLOOKUP(XLOOKUP(C4,Portions!$A:$A,Portions!$B:$B),FoodItems!$A:$A,FoodItems!$E:$E))
E5: =IF(C5="","",D5*XLOOKUP(C5,Portions!$A:$A,Portions!$D:$D)) | F5: =IF(E5="","",E5/100*XLOOKUP(XLOOKUP(C5,Portions!$A:$A,Portions!$B:$B),FoodItems!$A:$A,FoodItems!$B:$B)) | G5: =IF(E5="","",E5/100*XLOOKUP(XLOOKUP(C5,Portions!$A:$A,Portions!$B:$B),FoodItems!$A:$A,FoodItems!$C:$C)) | H5: =IF(E5="","",E5/100*XLOOKUP(XLOOKUP(C5,Portions!$A:$A,Portions!$B:$B),FoodItems!$A:$A,FoodItems!$D:$D)) | I5: =IF(E5="","",E5/100*XLOOKUP(XLOOKUP(C5,Portions!$A:$A,Portions!$B:$B),FoodItems!$A:$A,FoodItems!$E:$E))
E6: =IF(C6="","",D6*XLOOKUP(C6,Portions!$A:$A,Portions!$D:$D)) | F6: =IF(E6="","",E6/100*XLOOKUP(XLOOKUP(C6,Portions!$A:$A,Portions!$B:$B),FoodItems!$A:$A,FoodItems!$B:$B)) | G6: =IF(E6="","",E6/100*XLOOKUP(XLOOKUP(C6,Portions!$A:$A,Portions!$B:$B),FoodItems!$A:$A,FoodItems!$C:$C)) | H6: =IF(E6="","",E6/100*XLOOKUP(XLOOKUP(C6,Portions!$A:$A,Portions!$B:$B),FoodItems!$A:$A,FoodItems!$D:$D)) | I6: =IF(E6="","",E6/100*XLOOKUP(XLOOKUP(C6,Portions!$A:$A,Portions!$B:$B),FoodItems!$A:$A,FoodItems!$E:$E))
E7: =IF(C7="","",D7*XLOOKUP(C7,Portions!$A:$A,Portions!$D:$D)) | F7: =IF(E7="","",E7/100*XLOOKUP(XLOOKUP(C7,Portions!$A:$A,Portions!$B:$B),FoodItems!$A:$A,FoodItems!$B:$B)) | G7: =IF(E7="","",E7/100*XLOOKUP(XLOOKUP(C7,Portions!$A:$A,Portions!$B:$B),FoodItems!$A:$A,FoodItems!$C:$C)) | H7: =IF(E7="","",E7/100*XLOOKUP(XLOOKUP(C7,Portions!$A:$A,Portions!$B:$B),FoodItems!$A:$A,FoodItems!$D:$D)) | I7: =IF(E7="","",E7/100*XLOOKUP(XLOOKUP(C7,Portions!$A:$A,Portions!$B:$B),FoodItems!$A:$A,FoodItems!$E:$E))
E8: =IF(C8="","",D8*XLOOKUP(C8,Portions!$A:$A,Portions!$D:$D)) | F8: =IF(E8="","",E8/100*XLOOKUP(XLOOKUP(C8,Portions!$A:$A,Portions!$B:$B),FoodItems!$A:$A,FoodItems!$B:$B)) | G8: =IF(E8="","",E8/100*XLOOKUP(XLOOKUP(C8,Portions!$A:$A,Portions!$B:$B),FoodItems!$A:$A,FoodItems!$C:$C)) | H8: =IF(E8="","",E8/100*XLOOKUP(XLOOKUP(C8,Portions!$A:$A,Portions!$B:$B),FoodItems!$A:$A,FoodItems!$D:$D)) | I8: =IF(E8="","",E8/100*XLOOKUP(XLOOKUP(C8,Portions!$A:$A,Portions!$B:$B),FoodItems!$A:$A,FoodItems!$E:$E))
E9: =IF(C9="","",D9*XLOOKUP(C9,Portions!$A:$A,Portions!$D:$D)) | F9: =IF(E9="","",E9/100*XLOOKUP(XLOOKUP(C9,Portions!$A:$A,Portions!$B:$B),FoodItems!$A:$A,FoodItems!$B:$B)) | G9: =IF(E9="","",E9/100*XLOOKUP(XLOOKUP(C9,Portions!$A:$A,Portions!$B:$B),FoodItems!$A:$A,FoodItems!$C:$C)) | H9: =IF(E9="","",E9/100*XLOOKUP(XLOOKUP(C9,Portions!$A:$A,Portions!$B:$B),FoodItems!$A:$A,FoodItems!$D:$D)) | I9: =IF(E9="","",E9/100*XLOOKUP(XLOOKUP(C9,Portions!$A:$A,Portions!$B:$B),FoodItems!$A:$A,FoodItems!$E:$E))
E10: =IF(C10="","",D10*XLOOKUP(C10,Portions!$A:$A,Portions!$D:$D)) | F10: =IF(E10="","",E10/100*XLOOKUP(XLOOKUP(C10,Portions!$A:$A,Portions!$B:$B),FoodItems!$A:$A,FoodItems!$B:$B)) | G10: =IF(E10="","",E10/100*XLOOKUP(XLOOKUP(C10,Portions!$A:$A,Portions!$B:$B),FoodItems!$A:$A,FoodItems!$C:$C)) | H10: =IF(E10="","",E10/100*XLOOKUP(XLOOKUP(C10,Portions!$A:$A,Portions!$B:$B),FoodItems!$A:$A,FoodItems!$D:$D)) | I10: =IF(E10="","",E10/100*XLOOKUP(XLOOKUP(C10,Portions!$A:$A,Portions!$B:$B),FoodItems!$A:$A,FoodItems!$E:$E))
E11: =IF(C11="","",D11*XLOOKUP(C11,Portions!$A:$A,Portions!$D:$D)) | F11: =IF(E11="","",E11/100*XLOOKUP(XLOOKUP(C11,Portions!$A:$A,Portions!$B:$B),FoodItems!$A:$A,FoodItems!$B:$B)) | G11: =IF(E11="","",E11/100*XLOOKUP(XLOOKUP(C11,Portions!$A:$A,Portions!$B:$B),FoodItems!$A:$A,FoodItems!$C:$C)) | H11: =IF(E11="","",E11/100*XLOOKUP(XLOOKUP(C11,Portions!$A:$A,Portions!$B:$B),FoodItems!$A:$A,FoodItems!$D:$D)) | I11: =IF(E11="","",E11/100*XLOOKUP(XLOOKUP(C11,Portions!$A:$A,Portions!$B:$B),FoodItems!$A:$A,FoodItems!$E:$E))
E12: =IF(C12="","",D12*XLOOKUP(C12,Portions!$A:$A,Portions!$D:$D)) | F12: =IF(E12="","",E12/100*XLOOKUP(XLOOKUP(C12,Portions!$A:$A,Portions!$B:$B),FoodItems!$A:$A,FoodItems!$B:$B)) | G12: =IF(E12="","",E12/100*XLOOKUP(XLOOKUP(C12,Portions!$A:$A,Portions!$B:$B),FoodItems!$A:$A,FoodItems!$C:$C)) | H12: =IF(E12="","",E12/100*XLOOKUP(XLOOKUP(C12,Portions!$A:$A,Portions!$B:$B),FoodItems!$A:$A,FoodItems!$D:$D)) | I12: =IF(E12="","",E12/100*XLOOKUP(XLOOKUP(C12,Portions!$A:$A,Portions!$B:$B),FoodItems!$A:$A,FoodItems!$E:$E))
E13: =IF(C13="","",D13*XLOOKUP(C13,Portions!$A:$A,Portions!$D:$D)) | F13: =IF(E13="","",E13/100*XLOOKUP(XLOOKUP(C13,Portions!$A:$A,Portions!$B:$B),FoodItems!$A:$A,FoodItems!$B:$B)) | G13: =IF(E13="","",E13/100*XLOOKUP(XLOOKUP(C13,Portions!$A:$A,Portions!$B:$B),FoodItems!$A:$A,FoodItems!$C:$C)) | H13: =IF(E13="","",E13/100*XLOOKUP(XLOOKUP(C13,Portions!$A:$A,Portions!$B:$B),FoodItems!$A:$A,FoodItems!$D:$D)) | I13: =IF(E13="","",E13/100*XLOOKUP(XLOOKUP(C13,Portions!$A:$A,Portions!$B:$B),FoodItems!$A:$A,FoodItems!$E:$E))
E14: =IF(C14="","",D14*XLOOKUP(C14,Portions!$A:$A,Portions!$D:$D)) | F14: =IF(E14="","",E14/100*XLOOKUP(XLOOKUP(C14,Portions!$A:$A,Portions!$B:$B),FoodItems!$A:$A,FoodItems!$B:$B)) | G14: =IF(E14="","",E14/100*XLOOKUP(XLOOKUP(C14,Portions!$A:$A,Portions!$B:$B),FoodItems!$A:$A,FoodItems!$C:$C)) | H14: =IF(E14="","",E14/100*XLOOKUP(XLOOKUP(C14,Portions!$A:$A,Portions!$B:$B),FoodItems!$A:$A,FoodItems!$D:$D)) | I14: =IF(E14="","",E14/100*XLOOKUP(XLOOKUP(C14,Portions!$A:$A,Portions!$B:$B),FoodItems!$A:$A,FoodItems!$E:$E))
... E501: =IF(C501="","",D501*XLOOKUP(C501,Portions!$A:$A,Portions!$D:$D)) | F501: =IF(E501="","",E501/100*XLOOKUP(XLOOKUP(C501,Portions!$A:$A,Portions!$B:$B),FoodItems!$A:$A,FoodItems!$B:$B)) | G501: =IF(E501="","",E501/100*XLOOKUP(XLOOKUP(C501,Portions!$A:$A,Portions!$B:$B),FoodItems!$A:$A,FoodItems!$C:$C)) | H501: =IF(E501="","",E501/100*XLOOKUP(XLOOKUP(C501,Portions!$A:$A,Portions!$B:$B),FoodItems!$A:$A,FoodItems!$D:$D)) | I501: =IF(E501="","",E501/100*XLOOKUP(XLOOKUP(C501,Portions!$A:$A,Portions!$B:$B),FoodItems!$A:$A,FoodItems!$E:$E))

Sheet SessionLog
A1: Дата | B1: Время | C1: Категория | D1: Подкатегория | E1: Минут | F1: Комментарий

Sheet FoodItems
A1: Продукт | B1: Белки_на_100г | C1: Жиры_на_100г | D1: Угли_на_100г | E1: Ккал_на_100г
A2: Творог | B2: 18 | C2: 1.8 | D2: 3.3 | E2: 102
A3: Яйца | B3: 12.5 | C3: 10 | D3: 0.7 | E3: 150
A4: Грудка | B4: 22 | C4: 1 | D4: 0 | E4: 104
A5: Рис | B5: 7 | C5: 0.4 | D5: 77 | E5: 340
A6: Овсянка | B6: 13 | C6: 6 | D6: 66 | E6: 370
A7: Картоха | B7: 2 | C7: 0.4 | D7: 16 | E7: 80
A8: Гречка | B8: 14 | C8: 3 | D8: 58 | E8: 320
A9: Банан | B9: 1.5 | C9: 0.35 | D9: 21 | E9: 93
A10: Зефир | B10: 0.7 | C10: 0.1 | D10: 80 | E10: 315
A11: Греческий йогурт | B11: 7.5 | C11: 2 | D11: 4.4 | E11: 66
A12: Обезжир. йогурт | B12: 3 | C12: 1.5 | D12: 7.8 | E12: 57
A13: Йогурт типа чудо | B13: 3 | C13: 4 | D13: 10.5 | E13: 85.3
... A15: Печенье американское | B15: 11.2 | C15: 48 | D15: 126 | E15: 960

Sheet Portions
A1: ???_?????? | B1: ??????? | C1: ???????? | D1: ?????_?_??????
A2: EGG_C2_1 | B2: ???? | C2: C2 (1 ??) ? ????? ?????? | D2: 45
A3: EGG_C1_1 | B3: ???? | C3: C1 (1 ??) ? ????? ?????? | D3: 52
A4: EGG_C0_1 | B4: ???? | C4: C0 (1 ??) ? ????? ?????? | D4: 60
A5: CURD_180 | B5: ?????? | C5: ????? 180 ? | D5: 180
A6: CURD_300 | B6: ?????? | C6: ????? 300 ? | D6: 300
A7: CHICK_100 | B7: ?????? | C7: 100 ? | D7: 100
A8: CHICK_150 | B8: ?????? | C8: 150 ? | D8: 150
A9: CHICK_200 | B9: ?????? | C9: 200 ? | D9: 200
A10: CHICK_250 | B10: ?????? | C10: 250 ? | D10: 250
A11: CHICK_300 | B11: ?????? | C11: 300 ? | D11: 300
A12: CHICK_350 | B12: ?????? | C12: 350 ? | D12: 350
A13: RICE_100 | B13: ??? | C13: 100 ? (???.) | D13: 100
... A27: COOKIE_1 | B27: ??????? ???????????? | C27: 1 ?? ~55 ? | D27: 55

Sheet Dictionaries
A1: ????????? | B1: ???????? | C1: Score
A2: ?????????? | B2: ????????? | C2: 0
A3: ?????????? | B3: ????? | C3: 0.6
A4: ?????????? | B4: ???? | C4: 1
A5: ?????????? | B5: ???? | C5: 1
A6: ?????? | B6: 0 | C6: 0
A7: ?????? | B7: 10 | C7: 0.25
A8: ?????? | B8: 20 | C8: 0.5
A9: ?????? | B9: 30 | C9: 0.75
A10: ?????? | B10: 40 | C10: 1
A11: ???? | B11: <5k | C11: 0
A12: ???? | B12: 5-7k | C12: 0.25
A13: ???? | B13: 7-10k | C13: 0.5
... A78: ??????? | B78: ? ?????? | C78: 1

Sheet Dashboard
A1: Dashboard
A2: ????: | B2: =TODAY()
A3: ???????? ???: | B3: =IFERROR(XLOOKUP($B$2,Daily!$A:$A,Daily!$Y:$Y),"")
A4: ?? ?????????: | B4: =IFERROR(XLOOKUP($B$2,Daily!$A:$A,Daily!$Z:$Z),"")
A5: ????: | B5: =IFERROR(XLOOKUP($B$2,Daily!$A:$A,Daily!$U:$U),"")
A6: ?????: | B6: =IFERROR(XLOOKUP($B$2,Daily!$A:$A,Daily!$V:$V),"")
A7: ????: | B7: =IFERROR(XLOOKUP($B$2,Daily!$A:$A,Daily!$W:$W),"")
A8: ????: | B8: =IFERROR(XLOOKUP($B$2,Daily!$A:$A,Daily!$X:$X),"")
A10: ??????? ???????? ?? 7 ????: | B10: =IFERROR(AVERAGE(OFFSET(Daily!$Y$2,COUNTA(Daily!$A:$A)-8,0,7,1)),"")
A11: ??????? ??????? ?? 7 ????: | B11: =IFERROR(AVERAGE(OFFSET(Daily!$U$2,COUNTA(Daily!$A:$A)-8,0,7,1)),"")
A12: ??????? ????? ?? 7 ????: | B12: =IFERROR(AVERAGE(OFFSET(Daily!$V$2,COUNTA(Daily!$A:$A)-8,0,7,1)),"")
A13: ??????? ???? ?? 7 ????: | B13: =IFERROR(AVERAGE(OFFSET(Daily!$W$2,COUNTA(Daily!$A:$A)-8,0,7,1)),"")
A14: ??????? ???? ?? 7 ????: | B14: =IFERROR(AVERAGE(OFFSET(Daily!$X$2,COUNTA(Daily!$A:$A)-8,0,7,1)),"")
